X1,X2,X3,X4,X5,X6,X7,X8,X9,X10,X11,X12,X13,X14,X15,X16,y
6,8,3,-3,5,7,8,-7,-2,1,-4,3,6,-3,-4,0,1
6,9,3,-6,5,7,7,-7,-3,3,-5,2,6,-1,-7,0,1
6,10,3,-9,4,8,5,-6,-4,4,-6,1,4,-2,-7,1,1
6,10,3,-10,3,9,2,-4,-4,4,-6,1,3,-3,-6,1,1
5,10,3,-11,2,9,-2,-2,-3,4,-6,0,3,-4,-6,1,1
4,8,3,-10,2,9,-5,-1,-3,3,-4,0,4,-3,-7,1,1
5,6,2,-9,4,7,-7,-1,-3,3,-2,-1,5,0,-9,1,1
8,3,0,-7,6,5,-8,0,-3,5,-1,-3,5,2,-10,1,1
11,-1,-2,-5,7,3,-8,1,-5,9,-1,-6,3,3,-10,1,1
12,-5,-4,-4,7,-1,-8,2,-6,13,-2,-9,0,4,-9,1,1
11,-9,-5,-2,5,-5,-8,3,-7,16,-5,-10,-4,5,-9,1,1
-4,0,7,2,-2,-4,10,0,-6,5,-1,-1,-3,3,-8,5,1
-3,2,7,-2,-1,-5,9,-1,-6,3,-1,-2,-7,7,-10,4,1
0,2,5,-6,0,-5,7,-1,-5,1,0,-2,-9,9,-10,3,1
10,-13,-6,7,5,-7,-3,3,6,-8,-14,5,-8,0,-5,1,1
11,-12,-5,6,7,-7,-1,2,6,-6,-14,5,-8,0,-3,1,1
12,-11,-3,5,8,-7,0,2,5,-2,-13,4,-8,0,0,1,1
13,-9,-1,3,8,-5,2,1,4,2,-12,3,-7,-1,5,1,1
13,-8,1,2,8,-4,3,1,3,5,-9,3,-6,-2,9,1,1
4,-3,-4,10,4,2,-1,2,4,-4,-5,8,-1,-3,8,-2,1
-1,-5,-10,3,5,-17,-5,3,-4,-11,-19,11,-3,-14,-13,6,1
0,-6,-11,2,4,-14,-8,3,-4,-11,-19,11,-4,-15,-11,6,1
1,-7,-11,2,3,-12,-8,2,-4,-12,-18,11,-6,-18,-6,6,1
-2,6,13,3,2,11,9,-1,1,-1,14,9,4,3,14,4,1
-4,11,14,2,1,13,11,-2,1,2,14,7,3,6,13,2,1
-5,14,15,3,1,14,14,-2,1,5,14,5,2,10,11,1,1
-6,14,16,5,0,14,16,-1,2,6,13,3,1,15,8,-1,1
-5,13,16,7,-1,13,17,1,3,6,11,2,0,17,7,-2,1
-2,11,12,11,3,10,19,1,9,6,7,3,1,10,13,1,1
-3,13,12,11,3,9,20,1,9,8,7,3,2,10,13,0,1
-5,15,11,10,3,8,19,1,9,10,7,1,3,12,13,-1,1
-5,14,10,9,2,8,17,2,7,13,8,-1,4,16,11,-3,1
-6,13,9,8,-1,9,13,3,6,14,8,-3,4,19,8,-4,1
-4,12,7,5,-5,11,9,4,6,14,11,-6,3,18,7,-4,1
-2,11,7,3,-5,10,9,4,6,11,13,-8,3,16,8,-4,1
-1,11,7,1,-4,9,10,3,7,8,14,-9,2,14,8,-4,1
0,11,8,-1,-2,8,10,2,9,6,14,-10,2,13,8,-4,1
2,11,8,-1,2,7,10,2,11,4,14,-11,2,12,8,-5,1
4,10,8,1,5,6,9,2,14,4,13,-11,5,13,7,-5,1
7,9,8,3,9,6,9,3,18,4,12,-10,10,14,4,-5,1
9,9,8,4,13,7,8,3,22,4,11,-8,18,13,2,-4,1
11,10,8,6,17,8,8,3,26,5,9,-5,26,9,3,-4,1
14,13,9,7,23,10,8,2,29,8,8,-2,34,6,6,-3,1
18,16,9,7,28,13,8,1,33,11,8,1,40,6,8,-2,1
24,19,9,7,36,17,8,-1,37,15,8,3,44,10,10,-1,1
32,22,9,8,43,22,8,-3,41,19,9,5,48,16,10,-1,1
39,24,8,9,51,25,9,-5,45,23,10,6,52,24,9,0,1
45,25,8,9,57,26,11,-6,49,27,12,7,56,30,9,0,1
48,26,8,9,61,26,12,-7,52,30,13,7,60,34,9,0,1
50,24,9,9,63,22,13,-7,55,33,14,7,62,38,10,-1,1
50,23,9,8,64,17,14,-6,59,36,13,6,64,41,11,-1,1
49,20,8,8,64,12,14,-5,63,38,12,5,64,44,11,-2,1
49,15,9,8,62,7,14,-3,67,39,10,2,64,47,9,-3,1
48,10,9,7,58,4,14,-2,70,39,8,0,63,51,6,-4,1
45,5,10,7,53,2,14,-2,72,37,6,-3,60,53,3,-4,1
42,2,10,6,49,1,13,-2,73,35,5,-5,56,53,4,-5,1
38,0,10,6,44,0,12,-2,72,32,5,-6,51,52,6,-5,1
33,1,9,5,41,-1,11,-3,71,30,5,-6,46,52,8,-5,1
26,3,8,4,37,-3,10,-3,68,29,7,-6,41,52,10,-4,1
-9,-3,4,5,10,-10,8,-11,25,23,13,9,-1,54,22,-5,1
-11,-2,4,4,8,-9,8,-12,21,23,13,9,-4,52,23,-5,1
-14,-1,5,3,6,-8,9,-13,18,24,13,8,-6,51,24,-6,1
-19,1,7,2,3,-8,9,-13,16,25,12,6,-7,50,22,-6,1
-22,2,8,0,1,-9,9,-13,14,26,11,4,-7,50,18,-6,1
-24,1,9,-2,-3,-9,9,-13,13,27,9,2,-7,50,14,-6,1
-25,-1,10,-3,-7,-10,9,-12,11,27,6,1,-8,48,10,-4,1
-25,-5,10,-3,-10,-10,9,-11,9,27,3,0,-10,45,6,-2,1
-6,-2,0,4,-9,3,1,2,1,-9,-12,9,-4,-8,2,-2,1
-3,-3,0,4,-7,2,1,2,2,-9,-15,9,-4,-11,4,-1,1
-1,-3,0,3,-5,2,0,2,4,-9,-16,8,-4,-14,4,0,1
-1,-2,1,1,-3,1,-1,2,5,-9,-16,7,-3,-16,4,2,1
38,0,3,-1,35,3,2,0,31,8,-2,5,36,1,4,1,1
47,7,3,-1,44,10,2,1,37,13,-3,7,45,1,6,2,1
57,14,3,1,53,17,2,2,43,17,-4,8,55,2,5,3,1
66,20,3,2,63,22,2,3,50,21,-5,9,65,2,4,4,1
74,24,3,2,72,26,3,3,56,23,-6,10,74,1,4,5,1
81,27,5,2,80,28,3,4,62,25,-7,10,82,-2,3,6,1
89,30,6,1,87,30,4,5,68,26,-7,10,90,-4,4,7,1
98,32,7,-1,94,32,5,5,73,27,-7,10,97,-6,5,8,1
105,34,8,-2,101,33,6,5,79,28,-6,9,105,-6,5,7,1
6,5,-4,3,5,9,-10,6,-9,-1,8,10,10,0,0,-2,1
8,2,-5,5,7,6,-10,7,-8,0,9,12,11,3,2,-4,1
10,-1,-4,8,10,3,-9,7,-7,0,9,14,13,5,4,-5,1
13,-3,-4,10,15,1,-6,7,-4,1,10,16,16,5,6,-6,1
16,-3,-4,12,19,-1,-2,6,1,1,10,17,22,2,9,-5,1
21,-2,-4,13,23,-1,1,5,7,3,9,18,28,-2,12,-3,1
26,0,-4,13,27,1,4,4,13,6,8,17,35,-4,14,0,1
38,7,-2,11,37,8,9,1,30,17,5,10,48,-2,12,3,1
44,11,0,9,42,12,10,1,38,23,4,5,53,2,11,4,1
50,14,2,7,47,13,11,1,45,29,4,0,58,7,9,4,1
55,17,2,6,53,13,11,2,50,33,4,-3,63,10,8,4,1
58,17,3,4,58,12,9,3,53,35,5,-3,67,11,7,4,1
61,16,2,3,63,10,6,4,54,34,6,-1,71,12,6,5,1
64,14,1,1,67,8,1,3,54,33,6,2,73,12,5,5,1
66,12,-1,-1,70,6,-3,2,54,32,6,5,75,12,5,5,1
68,11,-3,-3,74,5,-6,1,56,30,5,8,76,12,6,6,1
71,9,-5,-3,77,5,-8,-1,60,28,3,11,77,11,7,6,1
75,8,-6,-3,79,7,-8,-2,64,26,1,13,79,10,9,6,1
78,8,-6,-1,81,9,-7,-4,67,24,-1,16,81,9,10,7,1
80,7,-5,2,82,11,-5,-4,69,23,-2,19,83,8,10,8,1
81,6,-4,6,83,12,-3,-4,70,21,-2,22,85,8,9,9,1
80,6,-2,10,85,11,0,-3,69,19,-1,25,86,9,8,10,1
77,6,-1,13,86,10,3,-3,67,17,1,28,86,11,6,10,1
75,6,0,15,84,9,6,-3,64,15,3,31,84,13,5,10,1
72,6,0,17,80,9,7,-2,60,13,5,32,80,16,4,10,1
69,6,0,17,74,9,8,0,56,12,7,31,75,18,5,9,1
64,6,-1,17,66,9,8,3,51,11,8,28,69,17,6,8,1
56,7,-2,17,58,6,7,6,46,11,9,25,63,13,6,7,1
45,7,-3,17,51,2,4,10,40,10,8,20,57,8,6,6,1
33,6,-3,17,43,-3,2,11,34,9,6,13,50,3,5,4,1
-2,5,0,2,-7,9,5,-3,4,10,-8,-7,-8,15,-9,0,1
-1,6,-1,-2,-6,11,2,-5,5,9,-10,-9,-9,19,-13,-2,1
0,7,-1,-6,-5,11,1,-6,5,8,-11,-9,-10,20,-14,-3,1
1,8,-1,-9,-5,10,0,-7,5,7,-10,-8,-9,17,-12,-3,1
2,8,-1,-12,-5,10,-1,-7,5,6,-9,-7,-7,11,-7,-3,1
4,9,-1,-14,-5,11,0,-7,5,4,-6,-6,-5,5,-1,-3,1
6,11,-1,-16,-5,11,1,-8,4,2,-3,-5,-5,0,5,-3,1
7,12,-2,-16,-4,12,2,-8,3,-1,0,-4,-6,-3,8,-2,1
8,13,-3,-15,-4,12,4,-9,2,-4,2,-3,-7,-1,7,-1,1
9,12,-4,-14,-4,11,6,-9,2,-6,3,-1,-8,2,4,-1,1
9,11,-5,-12,-4,9,7,-9,3,-7,2,0,-8,4,1,0,1
7,11,-6,-11,-5,6,7,-7,5,-7,0,0,-8,5,1,1,1
6,10,-7,-10,-5,4,6,-6,6,-5,-2,-1,-9,6,0,1,1
5,9,-8,-10,-7,2,5,-4,6,-3,-3,-2,-10,7,-1,2,1
6,2,-8,-6,0,-3,-1,-2,14,7,-1,-10,-9,34,-1,-12,1
6,1,-7,-7,2,-5,-2,-3,19,10,-3,-11,-6,30,4,-13,1
8,-2,-6,-8,5,-8,-2,-3,23,12,-4,-12,-4,28,7,-14,1
10,-5,-5,-10,8,-11,-3,-4,27,14,-6,-14,-2,30,8,-15,1
11,-8,-3,-10,10,-14,-4,-4,30,16,-7,-16,-1,34,7,-16,1
1,1,-3,-9,-4,1,-7,-1,-3,2,-4,2,-9,2,-4,7,1
3,2,-4,-11,-6,3,-6,-2,-2,2,-5,0,-10,3,-6,7,1
4,3,-5,-12,-7,4,-4,-3,-2,2,-6,-1,-12,5,-7,6,1
3,9,-8,-6,-6,6,0,-1,3,4,-11,0,-10,4,-3,4,1
3,9,-8,-5,-6,6,0,0,4,4,-13,1,-8,4,-6,5,1
3,9,-8,-5,-6,4,0,1,4,5,-15,0,-8,7,-10,5,1
3,7,-8,-4,-6,3,-1,2,3,7,-15,-1,-8,10,-14,5,1
3,3,-7,-3,-7,1,-1,3,1,9,-15,-2,-8,11,-14,4,1
1,0,-6,-1,-8,0,-2,4,-2,10,-13,-3,-10,12,-13,3,1
-12,4,-1,-7,-12,-6,-2,5,-9,-2,1,-17,-16,-6,-1,-4,1
-8,3,-1,-7,-10,-6,-2,4,-7,0,1,-19,-14,-5,-3,-5,1
-4,2,-1,-8,-8,-5,-1,3,-6,2,0,-19,-10,-3,-4,-6,1
-1,1,1,-8,-5,-4,-1,2,-5,4,1,-18,-7,2,-7,-6,1
2,0,3,-8,-3,-3,0,2,-5,6,1,-16,-5,7,-11,-5,1
2,-1,5,-8,-2,-2,1,2,-5,8,3,-13,-2,12,-13,-3,1
1,0,6,-8,-1,-3,1,2,-5,8,4,-9,-2,15,-14,-2,1
-2,0,8,-7,-2,-3,2,2,-5,6,5,-7,-3,13,-11,-1,1
0,16,-3,-11,-10,12,2,-3,1,3,1,-10,-10,1,2,2,1
-3,18,-3,-12,-10,12,2,-3,-2,-1,3,-8,-11,3,-3,2,1
1,11,-6,1,4,6,-4,2,-1,-1,3,-1,-4,-1,4,0,1
-1,13,-6,2,4,6,-5,3,-2,-2,3,1,-3,-3,5,0,1
3,10,6,1,6,9,-3,7,-2,15,5,-3,4,10,5,-4,1
3,9,7,3,7,9,-3,7,1,16,5,-5,4,14,2,-4,1
1,9,8,4,9,8,-2,7,2,16,5,-7,4,16,1,-4,1
-1,10,9,4,12,6,-1,5,3,15,5,-9,4,14,0,-4,1
-2,13,10,3,15,5,1,3,4,13,6,-10,5,14,-3,-3,1
-1,14,10,0,17,6,2,-1,4,11,6,-11,5,15,-7,-3,1
2,15,9,-3,18,8,1,-4,5,8,6,-11,4,16,-9,-3,1
5,15,8,-6,20,10,-1,-6,5,7,6,-10,4,16,-9,-3,1
9,14,6,-7,21,11,-4,-7,6,6,5,-9,4,13,-7,-3,1
13,12,3,-8,22,11,-6,-6,6,6,4,-7,6,10,-5,-3,1
16,11,1,-7,24,9,-7,-5,6,6,2,-6,7,6,-3,-3,1
17,10,-1,-6,24,7,-7,-5,6,6,0,-4,8,6,-3,-3,1
16,9,-3,-5,23,5,-6,-5,6,7,-2,-3,9,7,-6,-3,1
15,7,-5,-4,22,4,-6,-6,5,7,-3,-1,10,8,-8,-4,1
14,6,-6,-2,22,3,-5,-7,3,7,-3,0,12,8,-7,-5,1
14,4,-7,-1,21,2,-6,-7,1,7,-2,1,13,5,-5,-6,1
12,4,-9,1,20,2,-7,-7,-1,6,-1,3,14,1,-3,-6,1
11,3,-9,1,18,2,-8,-7,-3,5,-1,4,15,-3,-1,-5,1
11,3,-9,-1,17,2,-8,-7,-6,5,0,5,14,-6,-1,-3,1
9,4,-9,-1,16,1,-8,-7,-8,6,1,6,13,-7,0,-2,1
11,5,4,16,14,9,10,3,11,9,0,6,12,1,13,0,1
12,7,2,15,14,10,10,2,10,11,1,5,13,5,10,-1,1
12,6,0,15,14,9,9,1,8,12,1,5,13,8,6,-1,1
12,4,-2,14,14,6,8,1,6,14,1,4,13,9,4,-1,1
11,3,-3,14,14,3,8,1,5,15,2,4,13,10,3,0,1
9,3,-3,14,14,1,7,2,3,16,1,3,12,10,1,1,1
6,3,-3,14,11,1,6,3,2,17,0,3,13,9,-1,1,1
4,3,-3,13,8,3,5,3,1,17,-2,4,14,7,-4,2,1
3,2,-2,13,5,4,3,3,-1,16,-4,5,16,4,-6,2,1
1,0,-1,12,2,5,3,2,-1,14,-6,7,17,2,-7,3,1
-1,-2,-1,12,0,5,2,2,-1,12,-8,9,17,2,-9,3,1
-1,-3,0,12,1,3,3,3,0,11,-10,11,14,4,-9,3,1
-1,-3,0,13,2,1,3,3,0,9,-11,13,12,5,-8,2,1
1,-1,-1,12,5,1,3,3,0,9,-12,13,9,5,-6,2,1
3,1,-2,11,8,2,2,3,-1,9,-12,12,7,5,-5,2,1
6,4,-3,9,10,4,1,1,-2,11,-12,11,6,5,-4,1,1
7,6,-3,6,12,6,-1,0,-2,11,-13,9,7,3,-4,0,1
7,8,-3,5,13,6,-2,-1,-1,10,-13,9,9,1,-5,0,1
6,8,-3,5,13,5,-2,-1,-1,8,-12,9,11,0,-6,-1,1
6,5,-4,6,13,3,-1,-1,0,4,-11,10,11,-2,-6,-1,1
8,1,-5,8,12,-1,-1,0,-1,0,-9,11,11,-5,-4,-1,1
9,-5,-6,9,12,-4,-1,1,-3,-3,-8,12,9,-6,-3,-2,1
10,-10,-5,4,12,-8,-6,1,-11,-1,-12,16,0,-6,-2,0,1
10,-9,-4,5,14,-7,-4,0,-10,-1,-15,16,-1,-5,-4,1,1
10,-7,-3,5,15,-7,-3,0,-8,0,-18,16,-2,-3,-7,1,1
9,-4,-2,4,16,-7,-1,-1,-6,-1,-19,14,-3,-1,-8,0,1
7,-1,-2,2,17,-7,0,-3,-5,-1,-18,12,-2,-1,-8,-1,1
6,2,-3,-1,16,-7,0,-4,-4,-1,-16,8,-2,-3,-7,-2,1
7,3,-3,-3,16,-8,0,-6,-5,0,-13,3,-1,-5,-5,-3,1
7,2,-4,-5,15,-9,-1,-6,-6,2,-10,-2,-1,-7,-4,-4,1
12,-1,0,-7,7,5,-3,-6,14,-8,4,-9,14,-9,-4,-1,1
13,0,-1,-8,7,7,-3,-6,16,-7,2,-11,17,-9,-7,-3,1
14,1,-1,-9,6,8,-4,-6,18,-7,-1,-12,21,-9,-10,-4,1
15,1,-1,-9,5,8,-4,-4,17,-7,-3,-10,23,-11,-12,-4,1
34,11,0,-4,27,14,-1,0,22,8,0,-12,38,-12,5,-11,1
31,10,1,0,27,12,0,2,22,8,3,-9,35,-8,10,-12,1
30,8,1,4,26,11,2,3,22,5,6,-5,33,-5,13,-13,1
30,6,0,6,24,10,4,3,21,2,8,-2,32,-5,16,-14,1
30,4,-1,7,22,10,5,3,19,-4,10,1,31,-7,16,-14,1
29,3,-2,7,21,9,5,3,16,-9,11,4,30,-11,15,-13,1
-22,-8,-7,-24,-8,-24,-19,-11,28,4,-21,-22,-3,7,-17,2,1
-25,-7,-7,-25,-8,-25,-20,-11,28,2,-20,-20,-1,5,-17,2,1
-14,11,-1,-12,-3,-9,-4,0,11,4,-3,-1,3,2,-2,8,1
-11,10,0,-11,-4,-8,-1,1,9,2,-1,-2,3,1,-1,7,1
-10,8,0,-8,-6,-8,2,2,9,-1,1,-2,2,0,0,5,1
-18,0,-2,-18,-12,-16,-7,-2,5,7,4,-18,-1,4,-6,1,1
-17,3,-2,-20,-12,-16,-6,-2,5,7,6,-19,0,5,-5,-1,1
-18,4,-2,-20,-12,-17,-5,-2,5,7,7,-19,1,6,-3,-4,1
-19,5,-1,-20,-12,-18,-4,-1,6,7,8,-19,0,8,-1,-5,1
-11,-3,3,-10,-6,-7,-6,-1,-9,12,7,-9,-4,6,-4,2,1
-11,-2,3,-11,-8,-6,-6,-1,-7,13,6,-12,-3,6,-4,0,1
-11,-2,2,-11,-9,-6,-6,-1,-4,13,5,-15,-1,7,-5,-2,1
-10,-3,2,-10,-10,-5,-5,-1,-2,13,3,-16,1,7,-6,-3,1
-9,-3,2,-8,-9,-6,-4,0,1,13,2,-15,4,7,-6,-4,1
-8,-5,0,-6,-7,-8,-3,0,4,11,-1,-13,5,6,-5,-5,1
-6,0,7,-8,3,-4,-2,-4,-7,2,4,-1,5,-3,-2,-3,1
-7,4,7,-8,5,-4,-1,-5,-6,1,4,-3,8,-6,-4,-2,1
-15,14,4,0,3,-2,5,-4,-3,2,4,-3,4,-3,-1,1,1
-16,13,4,3,2,-1,6,-4,-4,4,4,-2,1,-1,0,2,1
0,6,1,0,9,-8,6,-1,2,5,5,-9,9,-5,-2,1,1
5,8,2,-5,11,-5,5,-2,3,7,6,-8,12,-4,-2,1,1
10,9,3,-9,14,-2,5,-4,5,8,7,-7,15,-3,-1,2,1
14,9,5,-12,15,1,5,-6,7,8,8,-4,18,-2,1,2,1
15,9,7,-13,17,1,6,-6,9,6,11,-1,21,-1,2,4,1
14,9,10,-12,18,0,8,-6,11,3,14,2,23,-1,4,5,1
11,8,12,-10,18,-2,11,-5,12,1,17,3,25,-2,5,5,1
7,6,13,-6,16,-5,13,-3,13,0,19,4,28,-3,6,5,1
-9,4,5,0,1,-2,4,-3,9,10,9,6,13,10,8,4,1
-9,5,6,-1,1,-2,4,-3,9,6,8,4,10,7,6,4,1
-9,5,7,-3,1,-2,4,-3,9,3,7,1,7,7,4,3,1
-8,5,7,-5,-1,-2,5,-3,9,2,6,-3,5,6,0,3,1
-7,4,8,-7,-3,-3,6,-3,9,2,5,-7,3,6,-3,3,1
-4,0,8,-8,-5,-3,6,-3,9,4,3,-10,2,7,-5,2,1
2,-5,7,-10,-6,-3,6,-3,10,7,2,-12,3,7,-6,2,1
25,-1,-2,5,9,15,2,1,13,16,10,7,22,14,11,0,1
23,-1,-3,7,11,12,1,2,14,18,11,11,24,17,12,0,1
23,-2,-3,9,13,9,1,4,16,18,10,14,25,19,13,1,1
24,-2,-4,11,16,8,1,6,17,17,9,18,27,18,13,2,1
27,-1,-3,13,19,7,2,7,19,16,7,20,29,16,12,4,1
30,0,-2,14,23,8,4,8,21,14,6,22,31,15,11,5,1
34,3,-1,14,27,9,5,8,24,13,5,22,34,15,11,5,1
37,6,1,11,31,11,6,8,27,13,5,22,37,16,10,5,1
40,9,2,9,34,13,7,6,31,15,6,20,41,16,10,6,1
42,11,3,6,37,14,7,5,35,16,7,18,46,15,9,6,1
45,13,4,5,40,15,7,4,38,17,7,17,51,13,7,8,1
47,13,4,5,43,15,8,3,42,16,7,16,54,11,5,10,1
49,13,5,6,47,14,8,3,46,15,6,15,56,11,4,11,1
50,12,5,9,50,13,8,4,50,14,4,16,57,11,3,12,1
51,10,6,12,53,11,8,5,53,13,3,16,58,12,2,12,1
53,10,6,14,57,12,9,6,54,13,3,17,60,12,2,12,1
55,11,6,16,60,13,9,6,54,13,4,17,62,12,3,12,1
58,13,6,17,64,15,10,6,54,15,6,16,64,14,2,11,1
60,17,5,16,67,17,9,5,53,17,9,15,65,18,2,10,1
62,21,4,14,70,19,8,4,53,18,13,13,66,22,2,8,1
63,26,3,12,72,21,7,4,53,20,15,13,67,26,2,6,1
64,29,2,9,73,23,5,3,52,22,16,13,69,26,4,4,1
64,31,2,8,73,25,5,3,52,23,16,14,71,24,6,2,1
64,32,3,8,74,26,5,2,52,23,15,16,73,21,10,1,1
64,33,4,9,76,26,6,2,52,22,14,17,73,19,14,-1,1
64,34,4,10,77,26,7,2,53,21,13,19,73,18,17,-1,1
65,34,3,11,78,25,7,2,54,20,14,19,71,19,18,0,1
67,32,2,11,78,24,7,3,56,20,14,19,69,22,17,1,1
71,29,1,11,78,24,7,3,57,21,14,17,66,25,16,2,1
74,24,1,10,78,23,7,3,57,24,14,13,64,27,14,3,1
77,20,2,10,77,23,7,3,56,27,14,10,64,27,11,4,1
78,16,4,10,76,22,7,3,55,28,14,7,65,26,9,5,1
77,14,5,10,75,22,7,3,53,27,13,7,66,23,7,6,1
73,14,5,10,72,21,6,4,52,25,13,8,66,20,5,8,1
69,15,5,11,70,20,5,5,52,23,12,10,65,18,5,10,1
64,16,3,11,67,18,4,5,51,21,11,14,64,16,5,12,1
60,17,0,11,64,15,3,6,50,19,8,18,62,15,5,13,1
55,17,-2,12,60,12,3,7,49,18,5,22,60,13,7,14,1
51,16,-5,13,57,9,2,7,47,18,2,26,58,12,8,14,1
48,14,-6,15,55,7,2,7,45,17,-1,28,56,11,8,14,1
46,11,-6,16,53,6,2,6,43,17,-2,29,53,11,8,14,1
46,9,-6,15,52,6,3,4,41,18,-2,27,50,14,8,12,1
46,7,-5,14,52,5,3,2,41,19,0,24,49,18,8,9,1
46,7,-4,11,51,5,4,0,40,21,2,19,48,22,7,5,1
45,6,-4,9,50,5,4,-2,39,22,4,15,47,25,7,1,1
43,6,-3,8,48,5,5,-3,39,23,6,12,46,27,8,-2,1
40,5,-1,8,44,5,7,-3,38,23,7,10,44,28,9,-3,1
36,4,1,9,40,4,9,-3,37,23,7,8,42,26,10,-2,1
32,3,3,10,37,3,11,-3,36,23,8,7,41,23,11,-2,1
28,3,5,11,35,2,12,-2,35,23,8,6,41,20,13,-2,1
26,4,5,10,34,2,12,-2,36,22,9,5,42,17,14,-2,1
24,6,5,9,32,3,11,-1,37,20,10,5,43,17,15,-3,1
23,7,5,8,30,5,9,0,39,18,11,6,42,18,16,-3,1
24,8,5,6,30,6,6,0,41,15,12,6,42,19,15,-2,1
24,8,5,5,29,7,4,1,42,13,14,6,42,20,14,-2,1
24,6,5,5,30,7,3,0,41,11,16,6,42,21,13,-1,1
25,4,5,6,31,7,2,0,40,10,17,6,42,21,11,-1,1
24,3,5,7,31,6,1,1,38,10,18,6,42,19,10,0,1
22,2,5,8,30,5,1,1,35,8,17,6,40,17,9,1,1
19,2,6,9,29,4,2,2,32,8,16,7,37,15,9,1,1
17,2,6,10,27,3,2,2,30,7,13,7,35,13,8,1,1
23,-1,10,2,24,3,6,1,37,6,6,0,40,8,-2,2,1
22,0,9,1,24,2,5,1,36,5,6,-1,40,5,-1,2,1
-8,-2,13,10,-5,0,20,-2,4,-5,-3,6,5,1,-6,2,1
-8,0,14,9,-2,0,19,-4,3,-4,1,7,8,2,-7,4,1
-8,1,15,7,2,-1,18,-5,3,-3,5,7,10,3,-5,4,1
-9,3,16,4,6,-2,15,-5,3,-2,9,7,10,6,-3,4,1
-9,3,16,0,9,-5,11,-6,5,-1,11,5,9,8,0,3,1
-6,-5,8,-10,4,-8,1,-9,13,0,4,-6,6,11,-7,0,1
-5,-5,5,-10,1,-7,-1,-9,14,0,0,-7,6,10,-9,-1,1
-4,-4,2,-12,-1,-6,-2,-9,14,-1,-5,-7,5,8,-10,-1,1
-4,-2,0,-13,-2,-6,-3,-8,13,-1,-8,-7,4,6,-10,-2,1
-3,1,-1,-16,-2,-6,-5,-6,11,-1,-10,-6,2,4,-9,-2,1
-2,2,-1,-19,-3,-6,-5,-5,8,-2,-10,-6,-2,2,-7,-2,1
-2,2,0,-21,-5,-6,-6,-4,5,-3,-8,-5,-5,1,-5,-2,1
-2,2,1,-22,-8,-4,-5,-3,3,-4,-5,-4,-6,0,-3,-2,1
-3,2,3,-22,-11,-2,-4,-2,0,-6,-1,-1,-7,0,0,-1,1
-5,4,5,-20,-14,1,-2,-1,-1,-7,2,3,-7,1,3,1,1
-6,6,7,-17,-14,3,-1,1,-1,-7,5,6,-7,2,6,2,1
-6,3,6,-20,-7,6,-4,-12,-3,14,0,-18,-20,16,-8,6,1
-5,4,3,-23,-10,9,-6,-15,-3,15,2,-23,-22,17,-7,3,1
-5,4,1,-25,-13,11,-7,-17,-3,14,4,-26,-24,18,-6,1,1
-5,6,-1,-27,-14,13,-7,-18,-3,12,6,-28,-24,19,-5,-1,1
-6,8,-2,-27,-14,13,-8,-18,-2,11,8,-29,-25,20,-5,-2,1
-7,11,-3,-26,-13,13,-8,-17,0,9,10,-30,-25,21,-4,-3,1
-7,12,-5,-24,-11,13,-8,-17,1,8,10,-30,-25,22,-3,-4,1
-5,12,-6,-20,-9,14,-8,-16,2,8,11,-29,-25,23,-1,-5,1
-3,11,-6,-16,-8,15,-6,-15,3,7,12,-27,-25,26,1,-6,1
-1,10,-4,-12,-7,16,-3,-13,4,8,12,-24,-23,30,2,-8,1
-1,10,-2,-9,-6,16,0,-11,5,9,12,-21,-21,33,2,-9,1
4,20,5,-21,-13,17,6,-2,3,7,-13,-4,-19,10,-8,11,1
7,15,3,-27,-15,13,1,-2,3,6,-14,-7,-21,8,-10,10,1
9,11,1,-32,-16,9,-4,-1,3,4,-15,-11,-23,8,-12,7,1
8,7,-1,-35,-17,4,-9,0,2,3,-14,-14,-24,8,-12,4,1
7,5,-3,-38,-17,1,-13,0,1,1,-14,-17,-25,8,-12,1,1
4,3,-5,-39,-18,-2,-17,-1,0,-1,-13,-18,-25,7,-12,-3,1
2,1,-7,-40,-18,-3,-19,-3,-1,-3,-12,-20,-24,7,-11,-7,1
1,0,-9,-39,-19,-3,-21,-5,-2,-5,-10,-21,-24,6,-11,-9,1
0,-2,-11,-38,-19,-2,-21,-8,-2,-5,-9,-23,-22,6,-11,-11,1
0,-3,-12,-34,-18,-2,-18,-10,-2,-4,-7,-25,-21,7,-10,-13,1
0,-4,-12,-28,-17,-2,-14,-11,-2,-2,-5,-26,-21,9,-9,-14,1
0,-4,-12,-22,-15,-1,-10,-12,-3,1,-3,-26,-22,11,-7,-15,1
0,-4,-10,-16,-12,0,-5,-13,-5,5,-1,-26,-22,14,-5,-14,1
1,-4,-6,-11,-9,2,1,-14,-6,8,2,-25,-23,15,-2,-12,1
2,-4,-2,-7,-6,5,5,-14,-8,11,5,-23,-23,15,1,-9,1
4,-3,2,-4,-3,7,9,-14,-11,13,10,-22,-22,14,4,-7,1
5,-2,7,-1,0,9,14,-14,-12,13,14,-21,-21,13,7,-4,1
-4,9,-13,3,-22,24,-18,11,-21,8,0,-24,-23,4,-10,-7,1
-3,11,-12,4,-22,27,-13,8,-22,9,2,-23,-21,4,-7,-9,1
-7,7,-25,11,-16,5,-20,17,-11,-22,-12,2,-24,-14,-21,16,1
-6,5,-27,11,-14,1,-25,20,-10,-20,-12,-1,-20,-16,-22,15,1
-3,3,-29,8,-11,-2,-30,21,-8,-16,-12,-4,-15,-16,-21,13,1
3,1,-30,4,-6,-4,-32,20,-5,-12,-12,-6,-11,-15,-20,10,1
11,-2,-29,0,-1,-5,-31,17,-2,-8,-12,-8,-6,-12,-19,7,1
19,-4,-28,-4,5,-5,-29,13,2,-4,-12,-9,-2,-8,-18,4,1
26,-5,-27,-5,11,-5,-26,9,6,-2,-12,-8,2,-3,-16,1,1
31,-5,-26,-6,18,-5,-23,6,10,-1,-11,-8,4,1,-13,-1,1
33,-3,-24,-5,22,-4,-21,4,13,0,-9,-7,7,3,-11,-2,1
34,-3,-21,-5,24,-3,-19,4,15,0,-7,-7,9,5,-10,-3,1
34,-3,-18,-4,25,-1,-18,4,17,0,-4,-7,11,6,-8,-3,1
34,-2,-14,-5,26,1,-16,4,17,1,1,-7,14,7,-7,-3,1
35,1,-9,-7,27,3,-14,3,17,3,6,-8,17,9,-5,-3,1
35,4,-6,-9,30,5,-12,2,17,6,11,-8,20,10,-2,-3,1
36,10,-2,-12,34,6,-11,2,17,9,15,-8,23,10,3,-3,1
36,15,0,-14,38,8,-11,2,18,11,18,-8,26,10,7,-4,1
37,17,1,-14,41,9,-11,2,20,12,18,-6,27,9,11,-4,1
39,16,1,-13,42,9,-11,3,21,12,18,-5,27,8,14,-3,1
41,12,0,-9,43,7,-10,3,22,10,16,-3,24,7,14,-1,1
42,7,0,-3,43,4,-6,4,23,8,14,-2,21,7,13,2,1
42,1,0,2,42,0,-2,5,22,5,11,-2,16,7,9,5,1
48,-1,-12,-16,39,-11,-18,9,22,10,-7,-1,24,-1,-12,13,1
48,4,-12,-16,40,-6,-18,8,23,10,-7,-1,23,2,-11,11,1
47,9,-10,-16,40,-1,-17,7,24,9,-6,-1,21,6,-10,9,1
44,12,-8,-12,41,4,-13,5,25,7,-5,0,19,9,-8,7,1
40,15,-6,-8,41,6,-9,4,24,6,-5,1,17,11,-7,5,1
37,14,-6,-2,40,6,-5,3,23,5,-4,4,17,11,-5,5,1
34,12,-6,5,39,6,0,1,22,5,-3,6,17,8,-1,6,1
33,10,-6,12,39,5,4,1,20,6,-3,9,17,4,4,7,1
33,8,-6,17,39,5,7,1,19,8,-2,11,17,1,9,9,1
34,7,-6,21,40,5,8,3,18,12,-1,11,19,0,13,9,1
34,7,-5,24,43,4,8,5,18,16,0,11,22,1,15,7,1
34,8,-5,26,45,4,8,7,17,20,2,11,26,3,17,5,1
32,10,-4,27,45,4,7,10,17,22,4,10,28,5,17,2,1
31,13,-4,28,45,5,6,12,17,21,6,9,29,7,17,0,1
29,14,-3,28,43,5,6,14,15,19,8,9,28,8,15,0,1
27,14,-3,28,40,4,6,15,13,15,8,8,25,7,11,1,1
26,12,-3,27,38,3,6,16,10,11,8,7,21,5,5,5,1
26,10,-4,26,36,1,6,16,6,9,7,7,18,3,-1,9,1
26,9,-4,21,34,-1,4,16,3,9,4,7,16,1,-6,12,1
27,9,-5,14,33,-2,0,15,1,10,1,6,14,0,-9,13,1
29,11,-6,4,32,-1,-5,12,2,12,-3,4,13,0,-10,12,1
33,13,-7,-6,32,3,-10,8,5,14,-6,2,13,1,-10,10,1
36,16,-7,-15,33,7,-13,4,8,16,-9,0,15,1,-10,8,1
38,19,-7,-20,35,10,-14,-1,10,16,-10,-2,17,0,-9,7,1
37,21,-6,-22,37,11,-14,-4,11,16,-9,-2,17,-1,-9,7,1
33,23,-5,-21,37,11,-11,-6,10,14,-8,-2,17,-1,-7,7,1
29,21,-3,-16,34,10,-8,-5,9,14,-7,-1,15,-2,-5,6,1
25,17,-1,-10,30,9,-5,-4,6,13,-7,1,13,-2,-3,5,1
22,11,-1,-3,26,7,-2,-1,5,13,-7,4,11,0,0,3,1
21,5,-1,4,23,6,-1,1,3,13,-8,8,10,2,4,0,1
21,-1,-3,11,21,5,0,3,2,12,-8,12,11,3,7,-3,1
21,-6,-5,17,20,3,1,4,2,11,-7,16,12,3,11,-5,1
20,-8,-8,28,19,5,8,1,5,-2,7,16,12,7,18,-12,1
20,-3,-6,26,19,10,10,-2,6,-3,8,14,10,8,18,-12,1
19,4,-4,22,19,16,14,-7,7,-4,8,11,8,8,18,-11,1
17,12,-2,19,19,20,18,-11,7,-4,7,9,6,6,16,-9,1
14,17,-1,15,17,23,21,-15,6,-3,5,6,5,3,10,-5,1
12,20,-1,13,14,24,22,-16,4,-1,3,3,3,1,3,0,1
12,19,-1,11,11,22,21,-13,3,2,-1,-2,1,0,-4,6,1
11,18,0,10,9,20,19,-8,3,6,-4,-5,0,0,-10,10,1
12,16,1,9,9,16,14,-1,4,10,-6,-8,-1,0,-14,13,1
12,15,2,7,9,13,8,6,5,13,-8,-10,-1,0,-14,14,1
11,15,2,4,9,10,2,12,5,14,-8,-11,0,-2,-12,14,1
10,16,1,1,8,7,-5,16,3,14,-8,-11,1,-4,-10,12,1
8,17,-1,-4,7,6,-10,18,1,13,-7,-10,1,-7,-7,9,1
6,18,-2,-8,5,6,-15,18,-2,12,-6,-9,-1,-8,-4,7,1
4,20,-4,-12,4,6,-19,17,-4,10,-6,-8,-2,-9,-1,4,1
3,21,-5,-14,6,5,-21,16,-7,9,-5,-7,-3,-9,2,1,1
2,22,-7,-15,8,3,-22,13,-10,9,-4,-5,-4,-8,5,-3,1
4,19,-8,-14,10,2,-23,12,-13,8,-3,-4,-6,-6,7,-7,1
6,15,-9,-13,9,4,-23,10,-16,7,-1,-3,-8,-4,10,-11,1
8,10,-10,-13,7,6,-24,8,-17,6,1,-3,-10,-2,12,-14,1
10,6,-9,-13,3,9,-24,6,-18,4,3,-3,-11,0,14,-17,1
10,3,-8,-14,0,10,-24,4,-19,2,4,-3,-12,-1,14,-17,1
9,-1,-6,-14,-2,9,-23,4,-19,-1,6,-3,-12,-3,13,-16,1
7,-4,-4,-13,-2,6,-22,4,-18,-5,6,-3,-13,-5,10,-13,1
5,-7,-3,-11,-2,3,-20,4,-18,-9,7,-3,-14,-5,7,-10,1
3,-10,-2,-8,-2,0,-18,4,-18,-12,6,-2,-17,-6,4,-6,1
-7,-8,-15,6,-6,-6,-18,6,-18,-15,-11,7,-10,-17,-7,-4,1
-7,-10,-16,4,-7,-7,-20,5,-16,-18,-14,5,-11,-17,-10,-5,1
-7,-12,-17,1,-9,-8,-21,4,-13,-21,-17,4,-11,-18,-13,-5,1
-8,-11,-17,-1,-10,-10,-21,3,-12,-21,-19,4,-11,-20,-14,-4,1
-4,-13,-6,-19,-14,-11,-20,4,-18,-9,-8,-9,-18,-20,-14,8,1
-5,-12,-4,-21,-14,-12,-21,5,-19,-10,-7,-10,-18,-21,-14,8,1
-7,-11,-2,-23,-14,-13,-20,5,-19,-10,-7,-10,-17,-22,-14,8,1
-9,-9,1,-23,-14,-13,-19,5,-17,-11,-6,-11,-16,-23,-14,8,1
-13,-30,-19,35,-11,-11,-5,1,-10,-19,-33,31,-8,-18,-9,3,1
-13,-27,-18,32,-10,-11,-7,2,-11,-20,-36,34,-6,-21,-9,3,1
-12,-24,-18,27,-10,-11,-9,3,-11,-20,-37,35,-5,-23,-9,4,1
-12,-20,-17,22,-11,-10,-11,5,-10,-20,-38,34,-6,-23,-10,6,1
-12,-16,-16,16,-11,-9,-14,6,-9,-19,-37,32,-8,-22,-11,7,1
-12,-11,-16,11,-11,-8,-16,6,-8,-18,-36,28,-9,-20,-13,8,1
-12,-7,-15,5,-9,-9,-17,5,-8,-17,-34,24,-8,-19,-16,8,1
-11,-6,-14,1,-8,-9,-17,4,-9,-14,-31,20,-7,-19,-17,8,1
-7,-7,-13,-2,-6,-10,-17,4,-11,-11,-28,14,-5,-19,-19,8,1
-3,-10,-12,-4,-4,-12,-16,4,-12,-8,-23,9,-3,-19,-19,7,1
1,-14,-10,-4,-3,-13,-14,3,-11,-6,-20,4,-1,-19,-19,7,1
3,-18,-7,-3,-3,-14,-11,3,-9,-4,-16,-2,-1,-17,-20,6,1
5,-20,-1,-4,-4,-13,-6,3,-4,1,-10,-14,-3,-8,-21,4,1
6,-19,2,-6,-3,-12,-5,2,0,4,-8,-21,-5,-3,-21,2,1
9,-17,3,-9,-1,-9,-5,1,2,7,-7,-27,-7,3,-20,0,1
13,-13,3,-12,1,-6,-4,0,5,10,-6,-31,-9,7,-18,-2,1
16,-9,2,-14,2,-3,-4,-1,6,12,-5,-31,-9,10,-15,-5,1
16,-4,0,-13,4,0,-3,-1,6,12,-5,-30,-7,10,-12,-7,1
14,1,-2,-10,5,2,-2,-2,5,11,-5,-26,-4,8,-10,-9,1
13,3,-5,-4,6,3,0,-2,3,9,-5,-21,-2,6,-8,-10,1
11,1,-7,3,5,4,1,-2,2,7,-4,-16,0,5,-6,-11,1
11,-4,-8,9,4,3,3,-2,1,4,-3,-12,1,6,-4,-12,1
9,-9,-8,15,3,2,3,-1,0,2,-2,-8,1,7,-3,-12,1
-2,10,14,3,2,16,16,-9,-9,10,8,-12,-10,14,4,-12,1
-4,12,13,3,1,16,16,-9,-7,12,8,-16,-10,17,3,-12,1
-6,13,12,4,-1,16,17,-9,-5,14,7,-19,-11,20,0,-12,1
-6,12,11,5,-3,16,18,-9,-4,16,7,-22,-11,22,-3,-12,1
-4,9,10,7,-4,16,18,-9,-3,17,6,-24,-10,22,-4,-12,1
-1,5,7,7,-4,15,16,-8,-3,17,4,-25,-8,19,-5,-12,1
2,3,4,6,-4,14,11,-7,-3,16,3,-25,-8,15,-5,-12,1
4,1,0,5,-5,14,6,-6,-3,13,1,-25,-9,11,-5,-12,1
5,1,-4,3,-5,13,0,-5,-4,10,-2,-24,-10,8,-6,-11,1
3,1,-7,0,-4,12,-6,-5,-4,6,-5,-23,-12,5,-8,-10,1
1,3,-11,-2,-4,9,-10,-5,-5,2,-7,-22,-15,3,-11,-9,1
-3,3,-14,-4,-5,6,-14,-5,-6,-3,-8,-20,-17,1,-13,-8,1
-5,4,-17,-5,-6,4,-17,-4,-7,-7,-10,-18,-18,-1,-15,-7,1
-7,4,-19,-6,-8,2,-18,-4,-9,-9,-11,-15,-19,-3,-14,-7,1
-18,7,14,-37,-32,13,-1,-13,-24,4,2,-29,-36,0,-8,-4,1
-22,10,15,-40,-33,13,-3,-14,-24,5,2,-35,-37,1,-10,-5,1
-24,12,16,-43,-34,13,-4,-14,-24,7,2,-40,-38,3,-13,-6,1
-25,12,16,-45,-35,13,-5,-14,-23,9,2,-44,-38,5,-15,-7,1
-24,11,16,-45,-34,13,-6,-14,-22,11,2,-47,-37,6,-17,-8,1
-24,10,15,-43,-33,11,-6,-15,-21,12,2,-48,-36,7,-20,-7,1
-24,8,13,-39,-30,9,-6,-15,-20,12,2,-48,-34,7,-22,-6,1
-24,7,12,-33,-26,7,-5,-15,-20,12,2,-46,-32,8,-23,-5,1
-24,5,10,-26,-23,6,-5,-13,-21,11,1,-43,-32,7,-23,-5,1
-23,1,9,-18,-22,6,-4,-11,-23,9,-1,-38,-32,6,-21,-4,1
-26,12,14,-35,-33,7,5,-13,-28,4,17,-40,-35,-3,-7,-2,1
-28,16,17,-33,-34,12,7,-13,-26,5,18,-42,-31,-3,-8,-2,1
-30,19,17,-32,-35,14,8,-13,-24,6,18,-43,-28,-3,-10,-2,1
-32,21,17,-31,-34,15,9,-14,-23,5,18,-44,-27,-1,-13,-3,1
-31,19,15,-30,-35,14,8,-15,-23,5,16,-44,-28,1,-16,-3,1
-29,14,12,-30,-36,12,5,-15,-23,5,13,-43,-30,4,-18,-4,1
-27,8,8,-29,-37,9,3,-15,-23,5,10,-40,-33,5,-18,-3,1
-13,-12,-1,2,-19,-13,2,7,-21,11,16,-23,-17,7,-3,-4,1
-14,-8,3,-1,-18,-13,4,7,-19,9,20,-27,-15,7,-3,-5,1
-17,-2,7,-3,-17,-11,5,7,-17,7,24,-31,-14,6,-3,-6,1
-20,2,10,-5,-17,-8,7,5,-16,6,26,-35,-15,5,-2,-7,1
-21,4,12,-5,-17,-6,8,4,-16,5,28,-39,-17,5,0,-9,1
-22,5,12,-5,-18,-3,9,3,-16,6,30,-42,-18,4,2,-11,1
-22,5,12,-4,-19,-2,9,2,-18,7,32,-45,-19,4,4,-13,1
-22,3,11,-2,-20,-1,8,3,-19,8,34,-45,-19,6,6,-15,1
-22,0,8,1,-20,-2,6,5,-21,9,35,-44,-19,8,6,-16,1
-21,-4,6,5,-21,-4,4,7,-22,9,33,-40,-18,9,4,-15,1
-21,-8,5,9,-21,-5,2,8,-23,9,30,-36,-18,10,2,-13,1
-22,-11,5,12,-22,-7,1,10,-23,7,26,-30,-19,9,1,-11,1
-23,-13,5,14,-20,-9,1,11,-22,5,21,-24,-19,6,0,-8,1
-18,-5,14,1,-17,-7,11,6,-12,16,2,-18,-15,1,5,-3,1
-17,-10,15,4,-17,-10,11,9,-11,19,1,-20,-12,2,2,-3,1
-15,-16,16,8,-16,-13,9,12,-10,20,0,-20,-9,2,-1,-2,1
-10,8,-6,11,-6,3,-5,10,0,-6,-10,19,-2,2,-5,7,1
-17,17,-3,8,-2,3,-5,9,1,-3,-9,17,-7,8,-5,9,1
-32,38,3,-9,-3,5,-3,2,-8,13,0,-13,7,-2,-9,-3,1
-26,34,4,-11,-3,6,-2,-1,-5,14,2,-19,2,4,-7,-6,1
-16,22,5,-13,-7,11,-2,-4,-2,12,4,-24,-5,9,-4,-9,1
-5,9,6,-14,-12,14,0,-6,0,10,9,-30,-12,12,1,-12,1
2,0,8,-15,-16,18,2,-8,1,7,15,-36,-16,12,6,-16,1
5,-4,9,-14,-20,22,5,-10,0,4,23,-43,-16,11,10,-20,1
4,-4,11,-12,-21,23,7,-11,0,2,31,-50,-17,11,13,-24,1
2,-3,11,-10,-21,24,9,-11,-1,-1,36,-54,-18,11,13,-25,1
2,-3,10,-8,-20,23,10,-12,-2,-2,38,-53,-18,10,13,-24,1
3,-4,8,-5,-19,21,10,-11,-3,-4,36,-48,-15,6,11,-21,1
4,-7,5,-2,-18,18,10,-10,-2,-7,30,-39,-11,2,9,-18,1
3,-9,2,1,-15,13,7,-9,0,-12,22,-27,-9,-2,8,-15,1
14,-18,-22,4,-7,-6,-25,16,-2,-25,-17,20,-21,2,-3,-2,1
15,-16,-21,1,-9,-5,-26,18,-1,-22,-17,18,-20,4,-5,-1,1
11,-11,-18,-2,-12,-3,-26,20,-1,-17,-16,14,-18,6,-7,0,1
5,-4,-14,-5,-13,1,-27,22,-2,-11,-13,9,-13,4,-8,1,1
1,2,-10,-9,-15,5,-27,22,-4,-5,-10,4,-6,-1,-9,1,1
0,7,-7,-13,-17,9,-27,22,-5,-1,-8,-1,-1,-4,-11,1,1
1,11,-4,-17,-17,13,-26,20,-5,2,-7,-6,-1,-3,-13,2,1
1,16,-2,-22,-15,16,-25,18,-5,3,-6,-8,-4,1,-15,2,1
2,20,-1,-27,-13,17,-25,16,-6,4,-6,-10,-8,3,-16,3,1
4,22,0,-33,-11,17,-24,12,-7,5,-6,-12,-12,5,-15,2,1
5,25,1,-38,-10,17,-23,9,-7,7,-5,-14,-15,8,-13,1,1
7,30,3,-43,-9,20,-21,6,-9,10,-2,-17,-17,9,-10,-1,1
8,34,5,-48,-8,25,-19,2,-10,13,3,-22,-16,11,-6,-5,1
10,39,7,-52,-7,30,-17,-2,-10,16,10,-28,-15,14,-3,-9,1
10,43,10,-55,-7,34,-13,-6,-9,17,17,-36,-14,19,0,-15,1
11,45,13,-57,-6,35,-9,-9,-7,18,23,-43,-13,22,2,-21,1
12,46,15,-57,-4,36,-4,-12,-5,18,29,-48,-10,24,5,-25,1
9,48,18,-53,-1,36,1,-14,-3,17,33,-50,-6,24,7,-28,1
7,50,20,-48,2,36,6,-16,-1,16,34,-49,-4,23,11,-30,1
7,47,20,-40,3,38,11,-16,1,13,34,-45,-2,22,14,-31,1
12,38,19,-32,1,39,13,-17,3,11,32,-40,-1,21,16,-30,1
18,25,16,-24,-1,38,13,-16,4,8,27,-34,-2,20,17,-30,1
23,11,13,-18,-3,36,12,-16,5,5,22,-28,-2,19,16,-29,1
25,-1,9,-12,-6,33,9,-14,6,3,16,-22,-2,17,14,-27,1
23,-7,6,-7,-7,28,7,-12,7,1,9,-14,-3,16,13,-24,1
18,-10,3,-2,-6,20,3,-9,7,-2,4,-6,-3,13,13,-20,1
14,-13,0,2,-3,12,-1,-6,8,-6,0,1,-4,10,14,-17,1
14,-3,-2,4,13,-2,-6,7,2,0,-9,24,10,-6,4,9,1
17,0,-1,2,14,2,-5,7,3,5,-10,19,13,-7,3,9,1
20,2,-1,1,15,6,-5,5,6,9,-11,15,16,-6,0,9,1
22,3,-1,1,17,9,-5,4,9,13,-13,11,18,-4,-2,8,1
24,2,-1,1,20,8,-5,2,12,15,-14,8,19,-1,-3,6,1
26,1,-1,1,26,6,-5,-1,15,15,-14,4,19,2,-3,3,1
27,-2,-1,1,32,3,-5,-4,18,13,-14,1,19,2,-3,0,1
30,-6,-2,3,36,1,-5,-7,19,10,-14,-1,20,1,-2,-3,1
33,-11,-2,6,38,2,-3,-11,19,7,-13,0,20,0,-1,-4,1
53,-13,-9,27,46,22,6,-17,28,-12,-6,24,23,6,11,-5,1
51,-6,-10,27,49,24,6,-17,28,-13,-5,29,23,8,11,-3,1
51,-4,-11,27,49,27,6,-18,28,-13,-5,33,23,9,13,-2,1
53,-4,-11,28,47,31,7,-18,26,-14,-5,38,25,6,15,0,1
53,-4,-10,30,43,33,9,-17,24,-13,-5,41,27,0,17,2,1
51,-4,-10,32,42,31,11,-16,22,-13,-6,44,28,-4,20,3,1
46,-5,-9,32,41,25,11,-14,19,-12,-7,46,26,-6,21,5,1
40,-4,-8,30,41,18,11,-11,17,-11,-8,48,24,-7,21,7,1
32,1,-7,24,35,11,10,-5,18,-9,-11,48,18,-5,21,12,1
33,1,-6,21,29,12,9,-1,20,-6,-12,44,17,-4,19,13,1
36,0,-5,15,24,14,7,2,20,-3,-12,37,18,-5,15,14,1
38,0,-4,10,23,13,4,4,18,1,-11,28,20,-8,11,13,1
25,6,14,-12,38,1,-6,1,16,-5,3,10,27,-12,-3,12,1
26,6,14,-20,33,3,-7,-3,17,-3,1,-4,33,-19,-10,8,1
30,5,13,-22,31,6,-7,-4,20,-2,1,-8,33,-18,-10,6,1
33,3,14,-23,31,7,-6,-4,23,0,1,-10,32,-14,-8,4,1
33,2,16,-22,33,4,-5,-3,24,2,1,-9,31,-10,-4,1,1
31,2,19,-21,35,0,-4,-2,25,3,3,-7,31,-8,3,-1,1
28,2,21,-19,36,-2,-2,0,24,6,6,-4,34,-9,9,-3,1
26,3,24,-17,35,-1,1,2,22,8,9,-1,37,-10,15,-4,1
23,6,25,-14,32,2,3,3,20,8,11,1,39,-11,19,-6,1
19,10,25,-12,30,4,5,4,18,7,13,2,38,-12,21,-6,1
24,-8,16,-9,17,3,12,-9,7,-2,10,-2,15,-8,21,-13,1
27,-12,14,-9,14,5,12,-10,8,-1,9,-3,13,-4,18,-14,1
25,-13,14,-8,14,4,12,-11,8,-1,9,-4,13,-1,16,-16,1
21,-12,14,-6,15,0,11,-10,8,-1,10,-5,13,1,14,-16,1
17,-12,14,-4,16,-3,11,-9,7,-2,11,-5,14,1,13,-16,1
0,-9,0,12,5,-8,5,1,-12,-13,19,27,11,-5,30,-15,1
0,-6,2,13,8,-7,6,3,-8,-10,18,27,17,-2,26,-14,1
-1,-4,3,16,10,-6,6,4,-3,-8,17,27,23,-1,23,-12,1
-1,-4,3,17,10,-5,6,3,1,-6,14,28,27,-1,20,-9,1
-7,-5,-3,14,7,-7,1,-1,-9,-2,-11,29,8,-8,-4,12,1
-10,1,-8,0,1,-12,-4,-2,-3,6,-10,-12,6,-3,-15,-6,1
-10,3,-8,-2,-2,-9,-4,-3,-1,5,-9,-14,3,1,-16,-7,1
-11,5,-9,-4,-5,-6,-4,-4,1,3,-7,-14,2,4,-15,-8,1
-13,8,-10,-5,-8,-4,-4,-5,1,2,-6,-12,0,5,-13,-9,1
-15,9,-11,-5,-10,-3,-4,-5,0,-1,-5,-9,-1,5,-10,-10,1
-16,9,-12,-4,-11,-3,-4,-4,-1,-5,-5,-5,-3,4,-8,-10,1
-16,-12,-18,1,-18,-17,-11,2,-6,-18,-22,14,-10,-16,-6,1,1
-16,-12,-19,2,-19,-17,-12,3,-5,-16,-23,14,-10,-16,-6,1,1
-16,-12,-20,2,-20,-17,-12,4,-4,-14,-24,13,-10,-16,-6,2,1
-16,-12,-19,1,-20,-17,-13,4,-3,-14,-24,12,-10,-16,-6,2,1
-16,-12,-17,-1,-20,-18,-13,4,-3,-14,-25,9,-11,-17,-7,2,1
-17,-11,-15,-4,-20,-17,-14,4,-3,-14,-27,7,-13,-18,-8,2,1
-17,-10,-13,-8,-20,-18,-14,4,-3,-15,-29,3,-15,-20,-11,2,1
-17,-9,-12,-12,-19,-18,-16,3,-4,-15,-31,0,-18,-20,-14,2,1
-18,-8,-11,-15,-19,-19,-17,1,-6,-15,-32,-2,-21,-19,-17,3,1
-18,-7,-11,-17,-17,-19,-17,0,-7,-14,-33,-2,-24,-17,-20,4,1
-18,-6,-10,-16,-15,-19,-15,-1,-8,-14,-32,0,-25,-16,-20,5,1
-16,-5,-9,-15,-13,-17,-12,-2,-9,-14,-30,3,-23,-14,-20,7,1
-12,-5,-9,-12,-11,-15,-9,-3,-10,-13,-26,5,-20,-12,-19,7,1
-9,-5,-9,-9,-11,-12,-5,-3,-11,-12,-23,7,-18,-9,-18,6,1
-7,-5,-9,-6,-13,-8,-2,-4,-12,-10,-20,8,-16,-7,-16,5,1
-7,-5,-10,-3,-16,-6,1,-4,-12,-8,-18,10,-14,-5,-13,4,1
-10,-2,0,-16,-17,-6,-2,-4,-8,-10,-24,2,-24,-10,-21,15,1
-14,2,1,13,-7,-2,2,9,-12,12,11,-13,-13,6,7,-1,1
-6,-1,0,-9,-13,-2,-3,3,-13,-2,-12,0,-14,-7,-16,10,1
-6,1,1,-10,-13,1,-4,2,-13,-2,-13,3,-13,-7,-15,10,1
-6,2,1,-11,-13,3,-4,1,-12,-2,-14,5,-13,-7,-13,9,1
-7,3,2,-11,-12,3,-4,0,-12,-3,-14,7,-13,-7,-10,8,1
-5,2,2,-11,-11,2,-4,-1,-10,-5,-14,7,-12,-8,-8,6,1
-4,0,2,-12,-10,2,-3,-2,-8,-6,-14,8,-10,-9,-6,4,1
-3,-1,3,-12,-9,1,-2,-4,-6,-8,-13,7,-8,-10,-4,2,1
-3,0,5,-13,-9,2,0,-4,-5,-9,-12,8,-7,-11,-2,1,1
-4,2,6,-13,-10,2,3,-4,-5,-9,-11,8,-7,-10,0,0,1
-6,4,8,-13,-10,2,6,-4,-6,-8,-10,9,-8,-9,1,0,1
-7,6,10,-10,-10,3,10,-5,-8,-6,-8,10,-9,-7,3,1,1
-8,6,9,6,-6,11,17,-10,-8,-2,-1,11,-10,0,5,6,1
2,3,-4,-6,-9,9,0,-4,2,7,-11,-2,3,4,-9,-2,1
1,2,-7,-5,-8,4,-3,-1,2,9,-12,-3,5,4,-11,-3,1
0,-2,-9,-3,-8,-1,-6,2,1,9,-12,-3,6,4,-12,-3,1
0,-6,-10,0,-8,-4,-9,5,1,8,-12,-3,6,3,-13,-3,1
0,-11,-11,3,-9,-6,-11,7,1,6,-13,-3,4,1,-12,-2,1
-5,-1,12,6,7,3,5,-2,-2,-6,12,-7,2,-1,4,-8,1
-5,-1,13,4,6,3,6,-4,-1,-4,11,-9,2,1,2,-8,1
-4,-1,13,0,5,2,6,-5,0,-3,10,-11,1,3,0,-8,1
-2,-1,12,-5,4,3,5,-7,0,-2,8,-14,-1,3,-2,-8,1
1,1,12,-10,2,6,4,-9,-2,-1,7,-16,-1,2,-4,-7,1
4,4,11,-16,2,10,2,-10,-3,0,7,-17,-2,1,-5,-7,1
6,7,11,-20,1,13,1,-11,-4,1,8,-17,-2,1,-5,-6,1
7,10,11,-23,1,16,0,-11,-4,2,9,-15,-1,1,-3,-5,1
6,12,10,-22,1,16,-1,-10,-4,2,9,-11,2,0,-1,-4,1
2,13,9,-20,1,13,-2,-8,-2,2,8,-6,5,0,0,-3,1
-2,11,7,-14,1,8,-3,-5,-1,3,5,-1,7,0,1,-2,1
-5,7,4,-8,1,4,-5,-3,-1,3,2,4,7,0,1,0,1
-5,1,0,-1,0,0,-6,0,-1,3,-2,8,5,0,1,1,1
-4,-5,-4,6,-1,-3,-6,3,-2,3,-6,11,3,-1,1,3,1
-8,15,14,-4,4,-4,4,13,-6,13,12,-7,-1,9,4,1,1
-11,18,14,-8,2,-3,2,13,-6,17,9,-11,-4,7,5,1,1
-10,20,13,-12,0,0,0,11,-6,20,7,-16,-7,7,4,1,1
-7,21,12,-17,-2,4,-2,9,-6,22,5,-20,-9,8,2,0,1
-3,21,12,-20,-2,7,-3,7,-6,23,5,-25,-9,8,0,-1,1
2,17,12,-22,-1,8,-2,3,-5,24,8,-30,-9,9,-1,-3,1
6,12,14,-23,1,8,-1,0,-2,24,12,-37,-7,11,-2,-5,1
7,7,16,-22,2,7,2,-3,2,24,18,-44,-3,13,-2,-8,1
5,4,18,-19,2,5,5,-4,5,23,23,-49,1,14,-2,-10,1
2,3,20,-16,1,5,9,-6,8,22,27,-51,5,15,-1,-12,1
-2,3,21,-12,-2,6,14,-8,9,21,28,-49,7,15,0,-13,1
-4,4,23,-10,-4,8,18,-10,9,18,28,-43,7,16,1,-13,1
-4,6,24,-9,-5,12,21,-11,9,14,25,-34,7,17,3,-12,1
-4,8,25,-8,-5,15,22,-12,8,9,22,-23,5,16,4,-10,1
-2,9,24,-7,-4,18,22,-12,8,5,17,-12,5,13,5,-6,1
0,10,23,-6,-2,19,21,-11,8,1,12,-2,6,9,5,0,1
2,10,20,-5,0,18,19,-10,8,-3,7,8,5,6,5,5,1
3,9,17,-4,2,15,16,-7,8,-6,2,17,3,2,4,11,1
-10,-3,3,-2,-17,-5,5,5,0,7,-3,-25,-15,-4,4,-6,1
-7,-4,5,-4,-17,-4,7,4,2,9,-2,-32,-15,-2,2,-7,1
-6,-5,6,-4,-16,-2,7,3,4,10,-1,-36,-14,1,-1,-8,1
-4,-6,8,-4,-15,0,8,1,5,10,2,-38,-12,3,-3,-8,1
-3,-7,9,-4,-14,2,8,-1,5,8,6,-37,-11,5,-4,-8,1
-2,-7,9,-3,-13,4,9,-3,4,4,10,-34,-10,5,-2,-8,1
0,-7,9,-2,-11,6,11,-6,4,1,14,-28,-8,4,1,-7,1
2,-5,9,-2,-10,8,14,-8,4,-3,18,-22,-4,2,5,-6,1
3,-3,9,0,-8,10,18,-11,5,-6,20,-16,-1,-1,9,-5,1
5,-1,9,3,-5,12,21,-13,7,-8,22,-11,3,-2,12,-4,1
6,1,9,6,-2,13,24,-14,9,-9,23,-8,6,-1,13,-3,1
7,1,8,10,1,13,26,-14,11,-9,24,-6,8,3,14,-4,1
9,-2,7,14,3,13,27,-14,13,-8,25,-5,9,5,14,-4,1
10,-6,6,20,4,11,27,-13,13,-9,25,-3,10,6,15,-4,1
-6,-5,3,31,3,-2,26,-4,9,-4,17,-3,12,4,13,-9,1
-7,-1,3,24,3,-1,21,-4,7,-5,14,-1,9,5,11,-9,1
-7,2,2,17,4,1,15,-5,5,-6,10,3,7,3,9,-8,1
-5,4,0,11,4,1,10,-6,2,-6,8,7,6,1,9,-6,1
-4,4,-2,6,4,1,6,-6,-2,-5,6,10,5,-2,10,-5,1
-2,3,-3,2,4,-1,1,-5,-5,-2,4,11,5,-4,11,-3,1
1,0,-9,-6,2,-8,-12,4,-10,6,0,9,-2,-4,10,1,1
1,1,-11,-8,1,-9,-16,7,-9,8,-2,7,-4,-2,8,1,1
1,3,-13,-10,-1,-9,-18,9,-7,10,-4,4,-5,1,6,1,1
0,6,-13,-12,-3,-9,-18,10,-4,12,-7,1,-6,2,4,1,1
-2,9,-13,-14,-4,-8,-18,10,-2,13,-9,-2,-7,2,3,3,1
-4,11,-12,-15,-5,-6,-17,8,-1,11,-10,-2,-10,2,2,4,1
-5,12,-11,-15,-6,-3,-15,6,-1,8,-11,-1,-13,1,1,6,1
-6,12,-9,-15,-7,-2,-13,3,-2,3,-11,2,-14,-2,-1,9,1
11,10,-10,-7,1,12,6,-14,1,-7,-6,3,-12,13,-7,-3,1
11,10,-10,-7,0,14,5,-14,1,-2,-5,0,-10,18,-8,-6,1
9,11,-10,-6,-2,16,4,-14,1,2,-4,-3,-9,20,-7,-8,1
6,11,-9,-4,-4,17,5,-13,1,4,-2,-6,-8,19,-4,-9,1
3,9,-7,-2,-4,14,5,-13,0,4,0,-8,-9,15,-2,-9,1
-1,7,-5,1,-4,11,6,-11,-2,5,1,-9,-10,12,-2,-7,1
-3,7,2,-6,-1,7,1,-7,-3,15,-14,-6,-8,1,-12,11,1
-2,7,3,-8,2,5,-1,-5,-1,15,-17,-5,-5,2,-15,10,1
-1,7,4,-10,4,2,-2,-3,2,13,-18,-4,-3,3,-17,10,1
1,6,4,-11,5,-2,-4,0,5,11,-18,-3,-2,4,-17,10,1
2,5,5,-12,6,-5,-6,3,7,8,-16,-3,-2,4,-16,10,1
4,4,4,-13,7,-7,-7,6,10,5,-13,-4,-2,5,-16,10,1
6,4,2,-12,8,-7,-8,7,12,4,-11,-4,0,7,-15,9,1
8,3,-1,-10,9,-7,-10,8,14,3,-10,-3,3,6,-14,8,1
11,1,-4,-8,9,-6,-11,8,17,1,-10,-2,6,5,-12,7,1
13,-2,-6,-5,9,-5,-11,8,20,0,-11,-1,8,5,-11,5,1
15,-4,-8,-4,10,-5,-11,7,21,-2,-11,-1,9,6,-10,3,1
17,-5,-8,-3,10,-5,-11,6,22,-2,-11,0,8,8,-9,2,1
18,-5,-9,-2,11,-5,-10,6,22,-2,-11,0,8,10,-10,0,1
18,-4,-9,-2,11,-4,-9,6,22,-1,-12,-1,9,10,-10,-1,1
17,-2,-10,-2,11,-5,-9,5,21,-1,-12,-1,11,7,-10,-1,1
16,-2,-10,-3,12,-6,-8,5,20,-2,-12,-1,11,3,-9,-1,1
17,-3,-10,-4,12,-8,-8,5,19,-3,-12,-1,10,0,-8,0,1
19,-4,-8,-5,12,-8,-8,5,19,-3,-12,-1,9,2,-8,0,1
22,-6,-6,-7,13,-7,-7,6,20,-1,-12,-2,9,7,-9,-1,1
25,-7,-4,-8,14,-5,-8,6,22,3,-11,-3,10,12,-9,-2,1
29,-6,-2,-10,16,-1,-10,5,25,8,-11,-4,14,14,-8,-3,1
31,-5,-2,-12,19,3,-11,3,27,12,-11,-6,20,12,-5,-4,1
33,-2,-1,-13,21,6,-11,2,29,14,-10,-7,25,9,-3,-5,1
35,1,-1,-12,23,8,-10,0,29,15,-8,-9,29,5,-2,-5,1
36,4,-1,-12,25,11,-8,-1,29,15,-5,-11,31,3,-3,-5,1
36,10,-1,-12,27,12,-5,-1,28,14,1,-15,32,6,-5,-5,1
37,16,-1,-12,29,14,-4,-1,29,13,7,-20,31,13,-9,-6,1
38,21,-3,-14,30,16,-3,0,30,13,14,-26,31,18,-11,-8,1
40,25,-5,-16,31,17,-4,0,31,12,19,-31,32,22,-10,-12,1
42,26,-7,-16,32,19,-4,-1,32,11,23,-32,33,22,-7,-15,1
42,27,-8,-15,31,20,-4,-2,33,10,24,-31,34,21,-2,-17,1
41,26,-8,-13,31,20,-2,-3,32,7,23,-25,34,18,1,-17,1
39,25,-8,-11,30,20,-1,-4,31,4,20,-19,32,16,3,-15,1
37,22,-9,-10,31,17,-1,-6,29,0,14,-13,28,14,2,-13,1
35,19,-10,-9,32,12,-2,-9,28,-4,8,-10,22,11,0,-11,1
34,13,-12,-9,32,8,-3,-11,27,-8,2,-9,17,7,-3,-9,1
33,9,-14,-10,32,4,-4,-13,26,-12,-4,-10,13,1,-5,-8,1
33,5,-17,-10,31,0,-6,-14,24,-15,-8,-11,9,-4,-7,-7,1
33,3,-19,-9,30,-2,-7,-13,21,-16,-10,-10,6,-7,-8,-6,1
31,3,-21,-8,28,-2,-8,-12,18,-16,-11,-9,4,-8,-9,-4,1
28,4,-21,-6,26,-2,-8,-11,14,-14,-10,-7,3,-9,-9,-2,1
25,5,-22,-4,24,-3,-8,-9,12,-11,-10,-5,3,-10,-9,1,1
23,6,-21,-3,23,-4,-7,-7,10,-6,-12,-4,5,-11,-8,3,1
21,7,-20,-3,22,-5,-8,-5,8,2,-14,-4,6,-11,-8,5,1
20,8,-19,-5,21,-6,-9,-3,7,9,-17,-6,6,-10,-9,7,1
18,9,-18,-8,20,-7,-10,-1,6,15,-20,-7,6,-9,-10,8,1
17,10,-17,-11,19,-8,-12,1,5,17,-21,-7,3,-8,-10,9,1
16,10,-15,-14,17,-9,-13,1,3,14,-19,-5,1,-9,-9,10,1
14,11,-14,-17,15,-8,-13,2,3,8,-14,-3,0,-10,-7,11,1
13,14,-13,-18,12,-6,-12,1,3,1,-8,-1,0,-11,-4,10,1
11,19,-12,-20,11,-3,-11,1,3,-6,-2,1,0,-11,-1,8,1
9,25,-11,-23,10,0,-10,1,2,-10,4,1,-1,-9,2,5,1
6,31,-10,-26,9,1,-9,0,2,-12,8,0,-2,-6,3,3,1
5,34,-8,-29,9,2,-7,-1,0,-11,12,-3,-3,-3,3,1,1
6,33,-6,-31,7,3,-4,-4,-1,-8,14,-6,-4,1,3,-1,1
6,31,-3,-32,5,5,-1,-6,-1,-4,16,-10,-3,5,1,-3,1
6,28,0,-31,2,8,2,-8,-1,1,16,-14,-1,9,-1,-5,1
5,25,3,-28,-1,11,4,-9,0,6,17,-18,1,13,-2,-8,1
4,22,7,-24,-3,13,7,-9,0,10,18,-21,4,16,-2,-10,1
2,19,11,-20,-3,13,9,-8,0,13,19,-23,6,17,0,-13,1
0,14,14,-15,-3,12,11,-7,1,13,21,-24,7,18,1,-15,1
-1,9,15,-9,-3,10,13,-6,2,11,21,-24,6,18,2,-17,1
-3,2,14,-3,-5,7,14,-6,3,6,21,-23,4,17,3,-17,1
-5,-3,11,4,-7,4,15,-5,4,0,19,-19,2,14,4,-16,1
-7,-6,8,10,-8,2,16,-4,5,-6,16,-15,0,11,3,-13,1
-8,-6,4,13,-7,0,14,-4,6,-10,12,-11,-1,10,-2,-10,1
-5,-1,-5,13,-1,-1,9,-5,8,-11,0,-6,-1,9,-13,-4,1
-4,3,-8,11,1,1,6,-6,10,-11,-6,-4,1,5,-17,-1,1
-5,7,-11,9,1,2,3,-7,9,-12,-12,0,1,0,-19,3,1
-6,9,-14,7,-1,3,1,-7,8,-14,-16,5,1,-6,-19,6,1
-6,9,-16,6,-3,4,-1,-6,6,-17,-19,10,1,-13,-17,9,1
-4,7,-17,5,-5,4,-3,-5,3,-18,-20,15,1,-17,-15,11,1
-1,5,-18,5,-5,3,-4,-3,0,-18,-20,18,0,-19,-13,12,1
3,2,-18,5,-4,2,-5,-1,-1,-17,-18,19,0,-17,-12,11,1
6,1,-17,4,-3,1,-5,1,-1,-16,-16,18,-1,-15,-10,10,1
6,3,-15,2,-1,0,-5,2,-1,-14,-14,15,-2,-12,-7,8,1
-4,14,-1,-11,1,3,-6,2,-1,-11,-5,4,-6,-4,-2,-1,1
-4,14,3,-14,2,3,-8,2,-1,-11,-4,2,-4,-5,-1,-3,1
-5,14,6,-16,1,4,-9,2,-1,-10,-3,0,-3,-5,-2,-4,1
-6,14,7,-18,0,6,-10,2,1,-8,-2,-3,-3,-2,-3,-5,1
-6,14,8,-19,0,6,-9,1,1,-6,-2,-5,-4,1,-3,-5,1
-6,14,7,-18,2,5,-8,-1,1,-2,-2,-7,-5,3,-2,-5,1
-6,14,7,-16,4,2,-5,-2,1,3,-2,-9,-4,3,-1,-5,1
-4,12,6,-13,6,1,-3,-3,0,8,-2,-11,-2,4,-2,-6,1
-1,9,6,-9,7,0,0,-3,0,11,-2,-11,-1,7,-2,-6,1
1,5,5,-5,6,1,3,-4,-1,14,-2,-10,-1,10,-2,-7,1
2,2,5,-1,4,3,5,-4,-2,14,-1,-9,0,12,-2,-8,1
1,0,4,2,1,4,8,-5,-2,12,0,-7,1,13,0,-10,1
0,-1,5,5,0,6,10,-6,-2,10,1,-5,2,11,1,-11,1
-2,0,6,6,-1,6,11,-6,-2,6,1,-3,4,9,1,-11,1
-3,2,7,7,0,7,12,-6,0,3,2,-1,5,8,0,-10,1
-4,3,7,8,0,8,12,-6,1,-1,2,1,5,10,-4,-8,1
-4,4,6,10,-1,10,12,-5,3,-5,1,2,4,13,-9,-5,1
-6,6,4,13,-3,11,12,-3,5,-9,-1,5,2,13,-13,-2,1
-11,0,-10,23,-9,-3,6,9,4,-15,-18,20,-4,-6,-6,8,1
-12,-3,-12,23,-8,-8,2,11,4,-15,-20,21,-4,-9,-4,7,1
-12,-6,-12,21,-8,-13,-2,13,5,-15,-21,21,-4,-8,-4,6,1
-13,-9,-11,18,-9,-16,-6,15,6,-15,-21,19,-4,-7,-5,4,1
-14,-13,-10,15,-11,-18,-9,16,6,-15,-22,16,-5,-6,-7,3,1
-15,-16,-8,12,-14,-18,-11,16,7,-15,-21,12,-6,-6,-8,2,1
-16,-18,-6,9,-16,-17,-14,16,6,-15,-21,8,-7,-7,-8,1,1
-16,-19,-5,7,-17,-16,-15,15,5,-15,-20,5,-9,-8,-8,0,1
-18,-17,-4,6,-16,-16,-15,14,3,-15,-18,3,-10,-9,-8,0,1
-10,7,-3,3,-2,-2,-3,3,-9,-3,0,-4,-4,2,-10,-4,1
-10,5,-2,5,-3,-1,-1,3,-7,-4,1,-4,-3,3,-10,-4,1
-9,4,-1,7,-5,0,2,3,-6,-6,1,-4,-3,1,-9,-4,1
-9,2,1,9,-6,1,4,3,-6,-7,1,-4,-3,-3,-8,-3,1
-12,-4,2,17,-6,-4,6,5,-9,-10,-6,2,-4,-11,-13,4,1
-14,-8,1,19,-6,-6,4,7,-11,-11,-10,5,-5,-11,-17,7,1
-15,-11,-1,21,-6,-9,2,8,-11,-12,-13,8,-6,-11,-20,8,1
-17,-13,-3,21,-8,-11,-1,9,-10,-12,-17,10,-5,-10,-22,9,1
-19,-14,-5,21,-9,-14,-3,9,-8,-10,-19,11,-2,-10,-23,8,1
-22,-13,-7,20,-9,-16,-6,9,-6,-9,-19,10,2,-9,-22,6,1
-23,-12,-8,18,-8,-18,-9,9,-4,-7,-18,9,5,-8,-20,3,1
-8,-5,3,3,-1,-10,-2,7,-4,-7,-2,0,-1,-7,-11,6,1
-7,1,4,-7,0,-7,2,-3,-2,-6,3,-11,-10,-4,-9,7,1
-3,-4,-2,13,4,-5,-1,6,-3,-3,-9,16,-2,-9,-5,17,1
-4,1,0,10,4,-3,2,5,0,1,-9,11,0,-6,-6,15,1
-4,6,2,7,4,-1,5,2,4,3,-8,7,3,-4,-7,13,1
-4,12,4,2,2,4,7,1,6,4,-7,4,5,-4,-5,11,1
-4,18,6,-3,2,8,10,-1,8,5,-4,1,6,-4,-2,10,1
-4,24,9,-6,2,12,12,-2,9,6,-1,-2,7,-4,1,8,1
-4,28,12,-6,3,15,14,-2,11,8,2,-5,10,-4,4,5,1
-3,30,15,-4,4,17,16,-1,12,9,5,-7,12,-2,6,3,1
-1,28,17,-1,6,18,18,1,12,9,7,-8,13,0,6,2,1
2,25,19,2,8,18,18,2,12,8,8,-6,14,1,6,1,1
4,21,20,3,11,17,17,3,11,8,9,-3,15,2,7,2,1
6,18,20,4,15,14,15,3,11,9,9,1,17,2,9,2,1
6,14,20,1,21,7,9,3,15,11,9,7,23,2,11,5,1
5,12,19,-1,23,3,6,3,18,12,8,7,26,4,9,6,1
6,9,16,-4,22,0,2,2,21,12,7,6,28,5,6,7,1
6,7,13,-6,21,-2,-2,2,21,11,7,4,28,5,3,8,1
6,6,11,-9,19,-2,-6,2,20,10,6,1,26,3,-1,9,1
5,7,8,-12,18,-2,-9,1,20,8,4,-1,25,2,-5,9,1
4,8,6,-14,17,-2,-10,-1,22,7,1,-4,26,0,-10,10,1
4,9,4,-15,17,-2,-10,-3,25,6,-2,-6,27,0,-13,10,1
5,8,3,-15,16,-1,-8,-5,28,6,-4,-8,27,2,-16,9,1
6,6,3,-13,14,-1,-6,-6,32,6,-5,-10,26,6,-17,8,1
7,3,3,-10,12,-1,-2,-6,35,8,-5,-12,25,11,-16,6,1
8,1,3,-7,10,1,1,-7,36,11,-3,-14,24,15,-13,5,1
8,1,3,-4,9,1,4,-7,35,14,0,-14,22,18,-9,3,1
8,3,1,-2,9,2,6,-8,34,16,3,-14,22,20,-5,2,1
9,6,-1,-3,12,3,7,-9,33,17,5,-13,22,21,-2,1,1
12,10,-1,-5,16,4,7,-10,33,18,6,-11,23,22,1,0,1
16,13,-1,-8,20,4,6,-11,34,20,5,-9,24,22,4,-1,1
19,13,0,-11,23,4,5,-11,35,20,2,-7,26,21,4,-2,1
19,13,1,-14,25,2,4,-10,37,19,0,-6,29,20,4,-2,1
17,12,3,-14,24,-1,3,-9,40,17,-2,-6,32,19,3,-4,1
14,10,4,-13,21,-3,3,-7,41,13,-1,-6,31,19,2,-5,1
10,8,4,-9,17,-3,2,-4,41,9,2,-7,29,20,3,-6,1
6,7,4,-4,13,-2,2,0,39,6,6,-7,25,21,5,-7,1
17,16,10,-23,4,7,15,-6,40,-13,-11,3,-2,11,11,0,1
15,17,15,-19,4,11,19,-5,46,-16,-12,7,1,11,12,1,1
19,-15,-4,-6,-3,-6,0,3,45,-12,-9,-13,12,14,-16,2,1
19,-14,-3,-4,0,-6,2,3,48,-8,-11,-16,15,14,-16,-1,1
19,-13,0,-2,2,-4,3,3,48,-4,-14,-17,17,14,-15,-3,1
18,-12,2,0,3,-3,5,3,47,-2,-16,-16,18,13,-13,-4,1
16,-12,3,3,2,-3,7,3,43,-1,-18,-12,17,11,-11,-5,1
13,-12,2,5,0,-3,8,3,37,-3,-18,-7,16,9,-10,-5,1
8,-12,0,9,-2,-4,9,2,30,-6,-17,-1,13,7,-9,-5,1
4,-13,-2,12,-4,-4,7,2,21,-9,-15,7,12,5,-8,-5,1
21,-4,2,-4,11,15,-4,-7,-3,7,23,2,8,4,15,2,1
21,-1,2,-7,11,16,-5,-8,-3,7,22,3,9,4,14,2,1
22,1,1,-10,11,15,-5,-8,-5,7,21,4,9,5,13,2,1
22,2,-2,-12,11,12,-6,-7,-6,6,20,6,9,4,12,2,1
22,2,-4,-13,11,9,-6,-6,-8,5,19,8,8,3,11,2,1
21,1,-5,-14,9,5,-6,-5,-11,4,18,9,6,0,11,2,1
20,0,-4,-15,7,3,-5,-4,-14,4,17,9,4,-3,12,2,1
-15,-8,-7,8,-6,-4,-21,8,0,-12,-16,3,-14,-18,-2,9,1
-17,-11,-9,5,-8,-7,-26,9,1,-14,-18,-2,-16,-18,-4,6,1
-19,-14,-10,2,-11,-10,-29,9,2,-16,-17,-6,-17,-16,-7,3,1
-20,-16,-11,0,-12,-14,-30,9,4,-17,-16,-11,-19,-12,-9,0,1
-20,-18,-12,-1,-13,-18,-29,9,6,-18,-15,-15,-18,-10,-10,-3,1
-17,-19,-13,-2,-13,-19,-27,8,9,-20,-13,-18,-17,-9,-11,-4,1
-13,-19,-13,-2,-13,-17,-23,7,12,-21,-12,-20,-15,-10,-11,-5,1
5,-11,-7,-9,-1,-1,-15,-6,-12,-12,4,-9,-9,-15,-6,1,1
4,-10,-9,-8,-1,1,-18,-5,-12,-12,2,-7,-9,-16,-5,2,1
2,-10,-10,-5,-2,2,-19,-4,-11,-12,1,-3,-9,-17,-4,4,1
-1,-9,-11,-1,-4,2,-19,-1,-11,-12,0,2,-11,-16,-2,7,1
-4,-9,-12,4,-6,0,-16,2,-12,-12,0,6,-13,-15,0,10,1
-7,-14,-17,10,-15,-10,-11,9,-11,-11,-19,9,-18,-11,-12,8,1
-8,-12,-17,7,-16,-10,-12,8,-10,-11,-23,5,-16,-12,-17,7,1
-8,-9,-17,3,-16,-8,-13,6,-10,-11,-25,2,-16,-13,-22,5,1
-7,-5,-16,0,-14,-6,-13,5,-11,-11,-25,-2,-15,-14,-23,4,1
-7,-3,-14,-3,-13,-4,-13,5,-11,-11,-24,-4,-15,-16,-23,3,1
-8,-1,-11,-3,-13,-3,-12,4,-12,-12,-22,-5,-16,-18,-20,3,1
-11,4,9,-8,-14,4,7,-4,-13,7,10,-29,-21,12,-12,-4,1
-8,6,10,-15,-13,5,5,-4,-10,12,11,-36,-16,13,-14,-6,1
-4,8,10,-23,-10,6,1,-5,-6,16,10,-41,-11,14,-15,-8,1
1,9,9,-30,-6,5,-3,-5,-2,19,9,-43,-6,15,-16,-10,1
5,10,9,-35,-3,3,-6,-5,2,20,8,-43,-2,15,-15,-11,1
7,11,8,-38,0,2,-9,-5,6,19,8,-42,1,14,-13,-10,1
7,11,8,-40,1,1,-11,-5,8,17,8,-38,4,11,-11,-9,1
5,12,8,-40,1,0,-12,-5,7,16,7,-34,4,8,-8,-8,1
2,11,8,-38,-1,1,-13,-4,5,14,5,-28,3,4,-6,-6,1
-2,11,8,-35,-2,2,-14,-4,1,13,3,-23,2,2,-6,-4,1
-5,10,8,-31,-3,2,-13,-3,-3,12,0,-16,1,0,-5,-2,1
-6,9,8,-25,-3,3,-12,-3,-6,12,-3,-10,1,-1,-5,-2,1
-6,8,6,-19,-1,3,-10,-2,-8,13,-5,-4,2,1,-5,-2,1
-4,7,5,-14,0,4,-9,-1,-10,15,-6,0,3,3,-5,-2,1
-3,7,-3,10,4,2,9,-5,-8,27,-3,-12,8,10,-4,-10,1
-2,7,-2,10,5,5,8,-5,-4,27,-1,-13,7,10,0,-8,1
-1,7,-1,9,6,7,7,-5,-1,26,0,-13,7,9,3,-7,1
-1,6,1,9,6,8,5,-5,3,22,1,-12,7,8,5,-5,1
0,5,0,8,7,8,4,-4,6,18,3,-9,8,7,5,-2,1
3,4,-1,8,8,6,3,-3,8,12,4,-6,9,4,5,0,1
6,2,-4,8,9,3,2,-2,8,8,4,-2,12,2,3,2,1
10,0,-7,7,10,-2,1,0,7,5,5,1,14,-1,1,4,1
13,-3,-10,6,10,-5,-1,1,5,4,5,4,17,-3,-1,6,1
14,-5,-11,6,11,-6,-2,2,3,5,6,5,19,-4,-3,6,1
14,-7,-11,6,10,-6,-4,2,0,6,7,5,21,-4,-5,6,1
13,-8,-10,7,9,-5,-4,2,-4,8,8,5,21,-3,-7,5,1
4,-4,-6,14,8,-1,3,-1,-6,18,3,7,17,12,-7,-2,1
1,-1,-7,15,7,0,3,-1,-2,18,-1,8,18,13,-5,-3,1
-1,3,-7,14,6,3,3,-2,2,19,-4,10,20,12,-3,-2,1
-2,5,-6,13,5,6,2,-3,5,19,-6,12,21,10,-1,-1,1
-2,7,-4,10,5,9,2,-3,6,18,-5,12,22,8,0,1,1
-1,9,-1,8,5,10,2,-4,5,17,-3,12,23,3,2,2,1
-6,5,-3,-8,3,-1,-16,1,2,20,3,-19,37,-19,-6,-6,1
-20,-11,-3,7,-17,-7,-7,4,2,-4,-19,9,1,-17,-9,14,1
19,-7,-7,-13,6,-1,-9,-3,8,12,3,-6,-1,16,2,-1,1
16,-4,-8,-15,3,2,-11,-4,7,12,3,-8,-2,16,0,-1,1
12,-1,-9,-15,0,4,-12,-5,5,12,3,-9,-3,16,-1,-1,1
6,2,-9,-13,0,6,-14,-6,4,12,2,-9,-4,15,-2,-1,1
2,2,-8,-10,1,6,-15,-6,4,11,-2,-8,-5,14,-3,0,1
-3,1,-6,-6,2,5,-14,-6,5,11,-8,-6,-6,12,-5,1,1
-5,-2,-4,-2,3,3,-13,-6,6,10,-16,-3,-8,8,-6,3,1
-7,-5,-3,2,2,1,-11,-6,8,8,-25,1,-8,2,-7,5,1
-8,-9,-3,6,-1,-1,-7,-6,10,6,-33,6,-8,-4,-7,8,1
-9,-12,-2,8,-4,-3,-3,-5,11,3,-37,10,-7,-11,-7,11,1
-9,-14,-1,11,-6,-4,1,-6,12,-2,-38,14,-6,-17,-6,14,1
-8,-16,-1,12,-9,-4,5,-6,12,-8,-36,17,-4,-21,-6,16,1
-8,-17,-1,13,-11,-4,9,-6,10,-15,-32,20,-5,-24,-6,18,1
-7,-17,-1,12,-13,-3,11,-7,7,-21,-26,21,-9,-25,-5,19,1
-3,-8,1,-13,-14,-1,-1,-8,5,-20,-3,-11,-11,-5,-25,11,1
1,-8,2,-17,-11,-1,-3,-8,6,-14,-4,-15,-9,-1,-27,10,1
5,-8,1,-19,-8,-1,-5,-8,6,-11,-5,-17,-9,2,-28,9,1
8,-8,-1,-20,-6,-2,-6,-7,6,-9,-5,-16,-9,3,-27,9,1
12,-8,-3,-21,-4,-2,-7,-6,5,-8,-5,-13,-9,3,-26,9,1
14,-8,-6,-21,-3,-3,-9,-5,3,-10,-5,-11,-9,1,-23,9,1
16,-8,-8,-22,-3,-3,-11,-5,3,-12,-4,-9,-9,-1,-21,9,1
18,-8,-11,-23,-3,-2,-14,-4,3,-14,-3,-9,-9,-4,-19,9,1
20,-8,-12,-24,-3,-1,-17,-4,4,-15,-2,-9,-7,-5,-18,9,1
21,-7,-13,-26,-3,0,-19,-4,7,-15,-2,-9,-6,-6,-18,10,1
21,-6,-13,-28,-2,-1,-19,-4,9,-14,-3,-9,-3,-6,-17,10,1
21,-4,-12,-28,-1,-3,-17,-3,11,-11,-4,-9,-2,-4,-17,9,1
19,-3,-11,-28,0,-4,-15,-3,11,-8,-5,-9,-1,-3,-16,9,1
16,-1,-9,-27,-1,-5,-13,-2,10,-5,-6,-7,0,-1,-16,8,1
12,0,-7,-24,-2,-4,-11,-1,8,-3,-6,-5,1,1,-15,7,1
9,1,-5,-21,-2,-4,-11,-1,4,-1,-7,-1,1,2,-15,7,1
5,2,-5,-17,-1,-3,-10,-1,2,0,-9,4,3,3,-14,6,1
3,4,-4,-13,2,-2,-9,-1,0,0,-10,9,5,3,-14,5,1
1,5,-3,-9,4,-2,-8,-2,-2,1,-11,14,8,3,-13,4,1
1,5,-3,-7,6,-2,-6,-3,-4,0,-10,17,9,2,-12,3,1
1,4,-3,-5,9,-2,-4,-4,-6,-1,-9,19,11,1,-11,2,1
3,3,-3,-3,11,-3,-3,-6,-8,-2,-7,20,13,0,-11,2,1
6,1,-4,-2,12,-3,-2,-7,-8,-4,-5,20,15,-1,-12,1,1
9,0,-6,-2,14,-4,-1,-8,-6,-5,-3,19,17,-1,-12,1,1
12,-1,-8,-3,16,-5,-2,-8,-4,-5,-2,16,19,-1,-13,1,1
14,-2,-10,-4,17,-6,-4,-8,-2,-4,-2,13,20,-2,-13,1,1
15,-2,-12,-6,16,-7,-7,-8,-1,-3,-2,9,20,-3,-14,1,1
16,-3,-13,-9,16,-7,-10,-7,0,-2,-1,6,19,-3,-14,1,1
18,-3,-13,-12,16,-7,-12,-7,1,-1,-1,3,19,-3,-14,1,1
20,-2,-13,-14,17,-7,-13,-6,1,-1,1,2,18,-2,-14,1,1
22,-1,-13,-15,19,-7,-13,-6,0,0,3,1,17,1,-14,0,1
24,1,-12,-16,20,-7,-11,-5,-1,0,5,1,16,3,-12,-1,1
25,3,-12,-16,20,-7,-10,-4,-2,1,9,2,15,6,-10,-3,1
25,4,-12,-14,21,-7,-9,-3,-4,1,12,4,16,9,-8,-4,1
26,6,-12,-13,21,-5,-8,-2,-5,2,14,6,17,11,-6,-4,1
27,7,-12,-11,23,-3,-7,-2,-4,4,16,8,20,12,-5,-4,1
28,8,-11,-9,25,0,-6,-3,-2,5,16,10,23,13,-4,-3,1
29,9,-9,-6,27,2,-4,-3,2,5,15,12,27,13,-4,-3,1
29,8,-7,-3,28,3,-2,-3,5,5,13,13,30,13,-4,-2,1
30,6,-5,0,29,3,0,-3,8,4,12,14,31,13,-5,-1,1
29,3,-4,2,28,2,2,-2,10,4,10,13,31,13,-6,0,1
27,0,-2,4,27,0,2,0,12,5,8,12,31,13,-6,0,1
25,-3,-2,6,26,-2,2,1,12,6,6,10,29,13,-6,0,1
23,-5,-2,7,24,-3,1,2,11,8,5,8,27,12,-6,-1,1
15,-8,1,12,19,-8,9,-1,5,10,22,-7,22,15,4,-11,1
13,-5,-1,10,19,-6,6,-2,4,8,23,-5,21,15,5,-11,1
10,-1,-2,9,18,-3,3,-1,4,5,23,-3,20,13,7,-10,1
8,4,-2,8,18,-1,1,0,4,2,22,1,17,11,10,-9,1
5,8,-2,7,17,1,0,1,4,0,20,5,14,9,14,-8,1
3,12,-1,8,17,2,1,3,5,-2,18,8,12,6,17,-7,1
2,15,-1,9,17,2,3,4,6,-2,16,10,12,3,20,-5,1
2,16,-1,10,17,1,4,5,6,-1,14,11,11,2,21,-4,1
2,17,-2,11,16,1,5,5,6,2,12,10,11,2,20,-3,1
2,15,-2,10,14,2,5,5,6,3,10,9,10,2,18,-2,1
3,12,-2,9,11,2,4,4,5,3,7,8,7,3,16,-2,1
2,8,-2,8,8,2,3,4,4,2,3,6,3,2,12,-2,1
-5,-14,3,4,-4,-6,-12,10,3,-12,-19,6,-17,-8,-9,11,1
-5,-12,1,3,-4,-6,-12,9,3,-13,-22,5,-16,-8,-14,10,1
-6,-10,-2,1,-4,-6,-13,7,3,-14,-23,4,-14,-7,-18,9,1
-7,-8,-4,0,-5,-6,-13,6,4,-14,-25,3,-13,-7,-21,8,1
-7,-8,-5,0,-7,-5,-13,4,5,-16,-25,3,-11,-6,-22,6,1
-6,-8,-8,1,-9,-3,-12,3,6,-17,-24,3,-9,-6,-23,5,1
-5,-9,-10,2,-10,-1,-12,1,6,-19,-23,3,-8,-6,-23,4,1
-4,-10,-13,4,-11,0,-12,0,7,-20,-22,2,-7,-5,-23,3,1
-3,-11,-15,6,-11,1,-12,-1,8,-20,-20,1,-6,-4,-23,2,1
-3,-13,-18,7,-12,0,-13,-1,10,-19,-19,-1,-5,-1,-23,1,1
-2,-14,-19,8,-12,-2,-13,-1,12,-17,-17,-3,-4,1,-22,-1,1
-2,-15,-20,7,-12,-4,-13,-1,13,-15,-15,-5,-4,4,-21,-2,1
-1,-15,-20,5,-13,-5,-12,-1,15,-13,-14,-8,-5,6,-19,-3,1
-1,-13,-18,2,-13,-5,-11,-2,17,-10,-12,-12,-6,8,-17,-3,1
-1,-11,-16,-1,-14,-3,-10,-3,19,-7,-11,-16,-6,10,-14,-4,1
-4,-8,-13,-4,-17,0,-9,-3,21,-3,-9,-20,-6,10,-12,-5,1
-7,-5,-10,-7,-20,2,-8,-4,20,0,-6,-24,-5,11,-10,-6,1
-9,-3,-8,-10,-22,3,-7,-4,18,3,-3,-27,-4,11,-9,-7,1
-12,-1,-6,-13,-24,3,-7,-3,15,6,1,-30,-4,12,-9,-7,1
-13,0,-4,-16,-25,4,-7,-3,12,8,5,-32,-4,12,-8,-8,1
-12,1,-3,-17,-25,5,-8,-3,9,9,9,-33,-5,13,-6,-8,1
-9,1,-2,-18,-23,7,-8,-3,7,9,12,-32,-6,13,-3,-7,1
-6,1,0,-18,-19,8,-8,-3,5,9,15,-29,-8,13,1,-6,1
-2,1,2,-16,-14,8,-7,-3,2,9,17,-25,-10,13,5,-6,1
1,0,5,-14,-9,7,-4,-3,-3,8,19,-21,-12,14,7,-5,1
3,0,8,-13,-5,6,0,-3,-7,8,21,-17,-14,15,9,-5,1
8,7,10,-6,-5,16,14,-9,-6,8,9,3,-8,16,7,-3,1
6,9,7,-7,-5,18,12,-9,-8,8,4,7,-9,13,9,-2,1
9,12,9,-18,3,8,-2,4,-16,-4,1,5,-9,-14,2,6,1
13,13,11,-18,5,12,-2,5,-12,-3,3,2,-3,-14,2,5,1
15,14,13,-17,8,15,-2,5,-7,-1,5,-1,3,-13,4,2,1
15,15,15,-15,10,18,-3,5,-2,1,7,-3,8,-11,5,0,1
13,16,16,-12,13,19,-3,4,3,1,8,-5,12,-10,6,-1,1
11,17,16,-10,14,19,-3,4,7,1,8,-5,15,-9,7,-3,1
10,19,16,-9,15,20,-2,3,9,-1,9,-5,16,-7,8,-4,1
7,20,16,-7,15,19,-1,4,9,-3,11,-4,15,-5,10,-6,1
4,22,16,-6,16,15,0,5,7,-5,14,-2,13,-2,11,-7,1
1,23,16,-4,17,11,1,6,4,-6,18,1,11,1,13,-7,1
-1,23,17,-3,19,6,2,8,2,-7,23,3,10,3,15,-8,1
0,22,17,-2,22,3,3,9,2,-8,27,4,11,6,18,-9,1
3,21,17,-1,25,1,4,10,4,-8,31,5,14,8,21,-10,1
7,18,17,2,27,-1,5,11,7,-8,34,4,17,9,24,-12,1
9,14,17,3,27,-2,5,12,10,-9,37,3,18,10,26,-13,1
10,10,16,5,26,-3,6,13,12,-10,40,-1,17,12,27,-16,1
9,7,17,6,23,-3,7,12,13,-12,42,-4,15,15,27,-18,1
7,5,17,6,19,-3,8,11,14,-14,44,-7,12,18,25,-18,1
4,3,18,6,16,-4,8,10,14,-16,44,-9,10,19,23,-18,1
-3,5,21,2,11,1,11,2,10,-7,36,-9,5,20,11,-5,1
1,7,21,-2,12,4,12,-1,7,-1,33,-11,4,20,9,-4,1
5,10,20,-5,14,6,12,-3,4,5,31,-14,2,19,8,-4,1
8,13,20,-9,16,8,11,-4,1,10,28,-19,1,17,7,-4,1
10,16,19,-14,18,10,9,-5,0,16,26,-22,2,16,7,-5,1
12,19,19,-18,19,12,6,-6,0,20,24,-26,4,13,6,-6,1
12,21,18,-21,21,11,4,-6,1,23,21,-27,6,11,6,-6,1
11,21,18,-22,22,10,2,-5,2,24,20,-28,10,9,6,-6,1
9,21,17,-21,22,8,1,-4,3,23,18,-26,13,6,5,-6,1
8,21,16,-19,21,7,1,-2,4,21,17,-23,15,5,5,-5,1
7,19,15,-17,20,6,1,-1,4,18,17,-19,15,4,5,-4,1
7,18,14,-14,19,5,1,-1,2,16,18,-16,13,5,6,-4,1
8,16,14,-12,19,6,2,-1,1,14,20,-12,11,8,7,-4,1
9,14,14,-10,19,7,3,-2,-1,14,22,-10,10,12,7,-3,1
9,11,14,-8,19,8,3,-4,-1,16,23,-9,10,15,7,-3,1
8,8,15,-6,18,10,3,-6,0,18,23,-8,11,18,7,-3,1
7,5,15,-4,16,11,4,-7,2,21,21,-7,13,20,7,-3,1
7,1,16,-2,14,11,4,-8,4,23,19,-7,14,20,7,-3,1
8,-2,16,-1,14,11,5,-9,4,24,17,-7,15,19,9,-3,1
9,-4,15,0,13,11,5,-10,4,24,15,-6,14,18,10,-4,1
9,-5,14,1,13,10,6,-10,3,23,14,-4,11,18,12,-5,1
9,-6,13,3,12,9,7,-10,1,21,13,0,8,19,14,-7,1
7,-6,11,6,11,7,9,-10,-1,20,12,4,6,20,17,-8,1
5,-6,9,9,9,5,12,-9,-2,19,11,9,5,22,19,-9,1
1,-8,8,13,6,3,13,-7,-4,19,9,14,3,23,22,-10,1
-3,-10,7,17,2,1,14,-6,-5,17,7,19,2,23,24,-11,1
-6,-14,-3,-8,-14,9,-19,-5,17,3,-10,-11,-2,3,4,-6,1
5,-10,-2,-11,-6,14,-17,-7,19,5,-10,-16,0,3,-1,-5,1
14,-7,1,-12,0,19,-14,-9,18,7,-9,-20,1,3,-5,-2,1
19,-3,3,-11,5,22,-9,-11,15,10,-5,-22,1,4,-8,0,1
21,0,5,-9,8,24,-5,-11,11,12,-1,-24,3,4,-10,2,1
21,3,6,-7,10,23,0,-12,8,15,3,-24,6,4,-12,5,1
20,4,6,-5,11,22,4,-12,7,16,6,-24,8,4,-14,6,1
18,4,7,-4,10,19,8,-12,5,17,7,-24,8,4,-14,7,1
14,2,8,-2,6,15,11,-11,5,18,7,-24,8,4,-14,7,1
9,-1,9,0,1,11,15,-10,4,18,5,-23,7,4,-12,6,1
4,-6,10,3,-4,6,18,-9,5,17,3,-22,6,4,-11,4,1
-1,-10,11,5,-10,1,20,-8,6,16,1,-22,6,5,-11,1,1
-5,-14,11,6,-14,-3,21,-6,7,14,-1,-21,6,7,-11,-3,1
-9,-15,10,5,-18,-6,19,-5,7,12,-3,-20,6,9,-12,-6,1
-32,-16,-9,-8,-24,-7,-27,-7,-19,-3,-7,-2,-7,-3,-5,-16,1
-33,-16,-9,-2,-21,-5,-28,-6,-21,-4,-6,2,-9,-6,1,-13,1
-30,-16,-8,3,-18,-2,-26,-5,-21,-3,-6,6,-11,-8,6,-11,1
-26,-15,-6,8,-14,3,-23,-5,-18,-3,-5,10,-10,-8,11,-10,1
-20,-14,-4,11,-12,8,-18,-4,-15,-2,-5,13,-9,-8,16,-8,1
26,-18,9,-8,-3,6,13,-7,18,3,-10,-11,15,14,-20,-8,1
26,-22,7,-11,-4,3,9,-8,18,0,-11,-14,15,11,-25,-7,1
25,-27,6,-15,-6,1,3,-9,16,-3,-13,-15,14,6,-29,-7,1
-5,-29,1,-32,-22,-7,-20,-15,-14,-25,-25,-7,-26,-29,-17,0,1
-9,-15,-10,10,-15,3,-6,-7,0,-7,-17,9,0,8,-14,-9,1
-10,0,-17,11,-4,-11,1,-1,-2,-4,-4,2,-1,-10,-8,11,1
-7,5,-16,9,-4,-5,1,-1,1,-4,-5,2,-2,-8,-8,10,1
-3,10,-15,8,-3,2,3,-1,3,-5,-6,3,-2,-7,-6,10,1
1,16,-14,7,-2,6,6,1,4,-5,-7,6,-1,-6,-4,9,1
5,22,-12,7,1,9,10,3,4,-6,-7,9,-2,-6,-2,9,1
9,27,-11,7,3,9,15,4,4,-7,-7,11,-3,-6,1,8,1
11,31,-9,6,5,9,20,6,3,-8,-4,11,-5,-5,4,8,1
18,31,0,3,13,1,31,6,10,-1,26,-12,-7,9,18,4,1
18,27,3,3,13,-1,31,7,13,2,30,-17,-5,11,19,2,1
17,23,5,4,13,-3,31,7,15,3,32,-20,-2,11,20,-1,1
13,20,7,4,11,-5,31,6,16,3,31,-21,1,11,21,-4,1
9,18,10,3,10,-7,31,6,16,3,29,-21,3,9,22,-6,1
4,18,12,2,8,-8,31,5,16,1,26,-19,4,7,22,-8,1
0,19,14,-1,6,-9,31,4,16,0,22,-16,5,4,23,-10,1
-3,19,15,-3,5,-11,31,3,14,-1,19,-14,6,1,23,-11,1
1,14,9,6,6,-15,37,1,8,-1,23,-1,5,4,39,-19,1
3,13,7,9,7,-12,37,0,8,-1,23,2,5,7,40,-20,1
6,10,5,12,7,-9,35,0,9,-2,21,5,6,9,39,-20,1
10,7,1,14,8,-8,31,0,10,-1,17,8,9,10,36,-21,1
13,3,-5,15,7,-7,25,0,13,-1,10,9,12,9,31,-21,1
15,-3,-12,15,5,-8,17,1,16,-1,2,10,16,7,26,-20,1
14,-7,-21,14,2,-9,7,2,18,0,-7,10,17,3,19,-19,1
12,-10,-29,13,-3,-10,-4,3,19,-1,-16,10,16,0,12,-16,1
7,-12,-36,13,-6,-11,-15,4,18,-2,-25,9,12,-2,4,-14,1
2,-13,-43,14,-8,-11,-24,4,16,-4,-33,10,7,-4,-4,-10,1
-1,-12,-48,16,-8,-11,-30,5,13,-7,-40,11,1,-6,-11,-6,1
-2,-9,-50,18,-6,-10,-33,6,10,-9,-45,13,-4,-9,-16,-2,1
-2,-6,-51,21,-3,-9,-32,6,7,-11,-48,16,-8,-11,-18,2,1
-1,-2,-50,23,0,-7,-28,6,5,-12,-50,18,-11,-13,-19,5,1
-2,1,-47,26,2,-6,-23,6,4,-13,-50,21,-12,-14,-19,8,1
-2,4,-43,28,2,-4,-18,6,4,-13,-49,24,-12,-13,-18,10,1
-3,7,-39,28,2,-1,-13,5,6,-14,-47,26,-11,-12,-17,11,1
-4,9,-33,27,1,2,-7,4,8,-15,-43,27,-10,-11,-15,12,1
-5,12,-26,24,-1,5,-1,2,10,-16,-39,26,-9,-11,-12,12,1
-5,15,-18,20,-1,8,5,-1,12,-18,-35,23,-9,-11,-10,12,1
-4,17,-10,14,0,11,10,-4,13,-20,-30,19,-9,-13,-8,12,1
-3,19,-2,7,2,13,15,-8,14,-22,-25,13,-9,-14,-6,11,1
13,21,21,-16,12,22,28,-23,22,-22,-4,-5,-2,-7,-1,0,1
17,22,25,-17,15,24,33,-25,23,-20,2,-8,1,-3,2,-3,1
20,23,30,-16,18,26,38,-25,25,-16,8,-12,4,3,5,-5,1
22,25,34,-16,19,28,42,-24,26,-10,15,-17,7,7,7,-8,1
23,27,37,-17,19,31,46,-23,28,-4,22,-25,9,11,9,-9,1
24,30,41,-18,18,32,49,-22,30,2,28,-34,12,15,10,-11,1
26,33,43,-21,18,33,51,-21,32,8,34,-44,14,17,11,-13,1
28,35,44,-24,17,33,54,-21,34,13,38,-53,14,19,12,-14,1
32,37,43,-27,17,33,55,-20,35,17,41,-60,14,21,13,-14,1
36,39,43,-31,17,34,56,-20,35,21,44,-65,13,22,14,-16,1
40,42,42,-35,17,35,56,-19,35,26,45,-69,13,24,16,-17,1
45,45,42,-40,19,36,55,-17,35,31,46,-72,15,27,17,-18,1
50,47,41,-45,20,36,53,-16,35,36,46,-73,17,29,18,-19,1
54,49,39,-49,21,36,51,-14,33,40,46,-72,18,31,19,-21,1
57,50,36,-51,23,35,47,-13,30,41,45,-69,17,32,20,-22,1
58,49,33,-52,24,33,42,-12,26,41,45,-64,14,33,22,-22,1
59,47,30,-53,26,32,37,-11,23,38,44,-58,12,34,22,-22,1
59,45,28,-52,27,30,32,-10,21,36,43,-53,11,35,23,-21,1
59,42,26,-52,29,29,27,-9,22,34,43,-50,11,36,23,-21,1
60,40,25,-51,31,27,23,-8,25,32,42,-49,13,36,23,-22,1
60,38,23,-50,32,25,21,-7,29,32,42,-51,16,36,22,-22,1
58,36,22,-48,32,22,19,-6,32,32,41,-53,18,35,21,-23,1
56,33,20,-45,31,20,18,-4,34,32,39,-56,18,34,20,-23,1
54,30,18,-42,28,18,17,-3,36,30,38,-57,18,32,18,-22,1
52,27,17,-39,27,17,17,-3,38,26,37,-58,17,31,16,-21,1
50,24,16,-35,26,15,16,-2,37,22,36,-56,17,29,14,-20,1
47,21,16,-32,25,12,16,-2,35,17,35,-52,14,27,13,-19,1
43,18,16,-28,23,12,16,-1,33,13,34,-46,11,26,13,-18,1
40,16,16,-24,21,13,15,-1,30,9,33,-40,8,26,14,-16,1
37,14,16,-22,19,14,14,-1,27,7,33,-33,5,26,16,-15,1
35,13,16,-20,18,14,12,-1,24,5,33,-28,3,26,18,-14,1
34,11,15,-19,18,13,11,-1,21,4,32,-23,2,26,18,-14,1
33,9,14,-18,18,11,9,-1,19,3,32,-20,3,26,18,-13,1
33,5,11,-15,18,8,7,1,17,4,31,-18,4,26,17,-13,1
31,2,9,-12,18,5,4,3,15,4,29,-17,4,26,15,-14,1
27,-2,6,-7,16,2,1,5,15,4,27,-16,5,25,14,-14,1
22,-6,3,-2,12,0,-4,8,16,4,25,-16,6,25,12,-15,1
15,-8,0,4,9,-1,-8,10,17,3,24,-16,7,25,11,-16,1
9,-9,-3,8,5,-1,-11,12,17,2,23,-17,8,24,10,-16,1
4,-8,-4,10,3,-1,-13,14,17,1,22,-17,7,22,9,-16,1
2,-6,-5,10,2,-1,-14,14,15,1,20,-17,5,18,9,-14,1
1,-3,-6,8,3,-2,-14,13,11,0,18,-17,3,14,8,-12,1
0,1,-6,5,4,-3,-13,12,6,0,15,-16,-1,9,6,-9,1
0,3,-6,2,5,-4,-12,10,2,-1,13,-15,-4,5,4,-6,1
1,4,-5,-2,6,-4,-11,8,-2,-2,10,-14,-8,3,0,-3,1
3,4,-4,-4,7,-3,-12,6,-4,-2,8,-13,-10,2,-3,1,1
5,3,-4,-5,9,-1,-13,5,-5,-2,4,-12,-12,0,-6,3,1
6,2,-4,-5,9,0,-14,4,-4,-2,0,-11,-12,-2,-8,5,1
6,-1,-5,-3,9,0,-15,3,-4,-1,-5,-8,-10,-5,-10,7,1
5,-4,-7,1,8,-2,-15,3,-4,-1,-10,-3,-8,-7,-11,8,1
4,-7,-9,5,7,-4,-13,4,-5,-1,-15,3,-6,-8,-13,9,1
3,-10,-10,9,6,-7,-11,4,-4,-2,-19,9,-4,-8,-15,10,1
2,-13,-10,14,6,-8,-8,4,-2,-3,-24,15,-1,-7,-17,11,1
1,-16,-10,18,5,-9,-6,4,0,-5,-29,21,1,-7,-18,11,1
-3,-19,-10,21,3,-10,-6,3,1,-7,-34,27,2,-7,-20,12,1
-7,-22,-11,25,-1,-10,-7,4,2,-10,-38,33,3,-8,-21,13,1
-13,-25,-12,28,-6,-10,-10,4,2,-13,-42,38,2,-10,-22,14,1
-18,-28,-14,30,-12,-10,-13,4,2,-16,-45,40,1,-11,-24,15,1
-22,-30,-16,32,-18,-9,-16,5,2,-19,-46,41,-1,-11,-25,16,1
-25,-31,-19,32,-22,-8,-17,6,2,-21,-47,39,-4,-12,-27,16,1
-25,-30,-21,30,-26,-9,-18,7,2,-21,-47,36,-7,-12,-27,17,1
-24,-28,-22,27,-27,-9,-19,7,1,-20,-47,32,-10,-13,-27,16,1
-21,-26,-23,22,-26,-10,-20,8,2,-18,-47,27,-11,-14,-27,16,1
-16,-23,-24,17,-23,-9,-22,8,4,-17,-46,22,-12,-14,-26,15,1
-9,-21,-24,11,-20,-7,-25,8,7,-16,-44,17,-12,-13,-25,14,1
-2,-19,-24,5,-15,-5,-28,8,10,-15,-41,12,-10,-11,-24,12,1
6,-17,-25,-1,-10,-5,-30,7,13,-13,-38,8,-9,-9,-24,11,1
11,-15,-25,-5,-7,-4,-31,7,16,-12,-36,4,-6,-7,-24,10,1
14,-11,-26,-8,-6,-3,-31,7,20,-11,-33,1,-4,-5,-24,9,1
14,-8,-25,-11,-6,-1,-31,7,23,-10,-30,-2,-1,-3,-24,9,1
12,-4,-25,-12,-7,2,-30,7,23,-8,-27,-4,0,-2,-23,8,1
8,0,-23,-14,-9,4,-30,6,20,-6,-25,-5,0,-2,-23,8,1
2,4,-21,-14,-11,6,-30,6,15,-2,-23,-6,-1,-3,-22,8,1
-4,7,-18,-15,-13,8,-30,5,7,2,-22,-6,-3,-4,-21,9,1
-10,10,-16,-15,-14,10,-29,4,0,6,-21,-6,-6,-7,-20,11,1
-13,13,-13,-15,-15,11,-27,3,-7,9,-21,-6,-9,-10,-19,13,1
-14,15,-11,-15,-16,12,-25,2,-11,11,-21,-5,-11,-13,-18,16,1
-14,16,-11,-15,-15,12,-23,1,-14,11,-21,-4,-13,-17,-17,19,1
-13,15,-11,-14,-14,11,-21,1,-16,10,-21,-3,-13,-21,-17,21,1
-16,6,-15,2,-11,4,-19,3,-11,9,-28,-1,-4,-26,-23,22,1
-18,3,-16,7,-11,0,-18,5,-10,11,-30,-2,-1,-24,-25,20,1
-20,1,-16,10,-12,-3,-17,6,-9,15,-30,-4,3,-20,-27,16,1
-22,-1,-16,11,-14,-6,-16,8,-8,19,-29,-5,7,-14,-28,12,1
-25,-1,-14,12,-16,-7,-16,10,-7,22,-27,-7,10,-10,-28,8,1
-29,-1,-12,13,-18,-7,-16,12,-7,23,-24,-7,13,-5,-26,3,1
-32,-1,-10,13,-20,-7,-17,14,-6,24,-21,-7,14,0,-23,-1,1
-14,13,7,12,-5,14,3,5,-12,5,-16,6,-2,-7,-10,2,1
-15,12,5,10,-5,11,2,5,-13,5,-19,4,-4,-8,-13,2,1
-15,11,3,10,-5,8,0,6,-14,5,-21,3,-4,-9,-16,1,1
-15,8,1,10,-5,5,-2,6,-16,4,-22,5,-3,-10,-18,1,1
-15,5,-1,11,-6,2,-4,7,-17,2,-23,8,-3,-10,-19,2,1
-16,1,-2,12,-8,0,-5,8,-18,0,-23,11,-4,-10,-19,2,1
-16,-4,-3,14,-10,-2,-5,9,-19,-3,-22,14,-6,-10,-18,3,1
-14,-8,-3,16,-11,-3,-4,9,-19,-6,-21,16,-8,-9,-17,3,1
-11,-12,-3,17,-12,-2,-3,8,-16,-9,-18,17,-10,-6,-14,4,1
-10,-13,-1,16,-13,1,-3,7,-12,-10,-18,16,-10,-4,-13,4,1
-9,-13,1,13,-14,4,-4,6,-6,-10,-17,14,-10,-1,-12,3,1
-9,-13,3,9,-16,6,-5,5,-1,-10,-17,12,-10,1,-10,2,1
9,18,9,-10,12,12,-3,5,-5,5,5,-1,-10,4,10,0,1
8,21,8,-11,14,13,-5,4,-9,6,6,-3,-11,2,9,1,1
12,9,5,-8,12,6,0,-1,-4,9,6,-4,-8,9,9,-4,1
11,11,6,-8,11,7,3,0,-2,13,9,-6,-5,12,10,-5,1
9,14,8,-8,9,8,6,0,0,17,12,-10,-2,16,10,-6,1
7,17,9,-8,7,11,8,-1,1,20,15,-13,1,19,10,-7,1
7,19,10,-10,5,14,9,-2,2,22,18,-18,3,22,9,-10,1
7,21,11,-11,5,17,9,-2,2,23,21,-22,4,24,8,-12,1
7,22,11,-12,5,19,7,-3,1,24,22,-25,5,24,7,-13,1
8,21,11,-13,6,19,5,-2,0,24,23,-26,6,23,5,-14,1
9,19,11,-12,7,18,3,-2,-2,22,21,-26,5,21,3,-13,1
10,14,10,-11,6,16,1,-1,-4,20,19,-24,4,18,0,-11,1
11,9,9,-10,5,13,0,0,-5,16,16,-21,2,16,-2,-9,1
10,5,8,-10,3,10,-1,0,-6,12,13,-18,-1,13,-3,-8,1
7,1,7,-10,-1,8,-1,-1,-8,8,10,-16,-4,10,-4,-8,1
4,-2,6,-10,-5,5,-2,-1,-10,4,7,-14,-7,7,-5,-9,1
2,-6,8,-14,-9,7,2,-10,-7,-11,-5,12,-6,-5,-1,2,1
3,-5,7,-16,-8,8,0,-11,-5,-8,-3,8,-3,-2,-1,-2,1
5,-4,7,-17,-7,10,-2,-10,-2,-4,0,4,1,2,0,-5,1
7,-3,7,-16,-3,13,-5,-10,0,0,4,2,4,7,2,-8,1
9,-1,7,-14,1,16,-7,-9,0,3,7,1,5,11,5,-9,1
11,1,7,-12,5,18,-8,-8,0,6,10,1,5,14,8,-10,1
11,3,7,-11,8,17,-7,-7,-1,8,12,1,5,16,10,-11,1
11,5,6,-11,10,16,-7,-7,-1,10,12,0,6,17,10,-11,1
12,6,5,-13,10,13,-5,-7,1,13,12,-2,8,18,9,-11,1
12,8,5,-15,9,11,-3,-7,3,17,11,-4,12,19,7,-10,1
12,10,4,-18,9,8,-1,-8,6,19,10,-6,16,20,4,-10,1
12,11,4,-20,8,7,1,-8,9,21,10,-7,20,21,2,-10,1
10,13,4,-21,8,6,2,-9,10,20,9,-8,21,21,0,-10,1
8,14,4,-22,6,6,2,-9,9,19,9,-8,20,20,-2,-9,1
4,14,4,-22,4,6,1,-9,7,17,8,-7,17,18,-3,-8,1
1,14,5,-21,1,6,-1,-8,5,14,6,-6,15,17,-4,-8,1
-3,12,5,-20,-1,6,-3,-8,4,13,3,-5,14,14,-5,-7,1
-6,9,6,-18,-3,6,-4,-8,4,11,1,-4,14,11,-7,-6,1
-9,6,6,-15,-5,6,-5,-8,3,10,-1,-3,14,8,-8,-5,1
-12,4,6,-12,-6,5,-5,-8,2,9,-3,-1,14,5,-8,-4,1
-13,1,6,-10,-7,4,-5,-9,1,7,-5,1,13,1,-8,-3,1
-14,-2,5,-7,-8,3,-5,-9,-1,5,-6,3,12,-2,-7,-1,1
-15,-4,3,-5,-8,0,-4,-9,-1,3,-7,4,9,-5,-6,1,1
-21,-9,-7,-8,-15,-14,-13,-3,13,-12,-7,-16,6,-16,-16,2,1
-19,-8,-7,-11,-12,-13,-17,-3,15,-11,-6,-19,9,-14,-17,1,1
-14,-5,-7,-13,-6,-12,-19,-2,16,-8,-3,-21,12,-11,-17,0,1
-9,-2,-7,-14,0,-11,-20,-2,16,-3,-1,-21,14,-8,-15,-1,1
-2,1,-8,-15,7,-9,-19,-2,15,1,2,-20,16,-4,-12,-2,1
5,4,-8,-15,13,-6,-19,-2,15,4,4,-19,16,0,-10,-2,1
12,7,-8,-15,17,-1,-19,-2,14,6,5,-18,16,3,-8,-2,1
17,9,-8,-15,20,5,-20,-2,13,7,6,-16,14,5,-7,-2,1
19,11,-7,-15,22,10,-21,-3,12,7,7,-15,12,6,-6,-2,1
19,13,-5,-16,22,14,-20,-3,10,7,8,-14,9,6,-5,-1,1
18,15,-2,-16,21,14,-18,-4,6,7,9,-13,5,6,-2,-1,1
14,16,1,-17,18,13,-14,-3,3,7,10,-13,2,5,1,0,1
9,17,4,-17,14,10,-9,-3,0,7,12,-12,-1,4,3,0,1
4,16,7,-16,11,6,-5,-1,-2,6,15,-11,-1,4,5,1,1
0,12,10,-14,7,1,-1,1,-4,5,18,-9,-1,4,6,0,1
-2,8,12,-13,4,-3,1,3,-6,4,21,-7,0,4,8,0,1
-3,3,13,-10,1,-5,2,5,-9,2,23,-4,-1,5,9,-1,1
-18,4,8,16,9,-2,4,-1,-4,0,18,3,0,7,16,-6,1
6,-9,-10,4,13,-17,-4,0,-2,-9,-1,-21,-8,-9,-16,0,1
11,-7,-12,3,15,-14,-4,-2,-4,-8,-3,-21,-10,-10,-18,2,1
17,-4,-13,2,18,-9,-4,-3,-4,-5,-6,-20,-10,-11,-18,4,1
22,0,-13,0,20,-3,-4,-5,-3,-2,-8,-18,-9,-11,-18,6,1
25,4,-13,-1,23,4,-5,-7,-2,1,-10,-15,-9,-10,-17,8,1
27,8,-12,0,26,11,-5,-9,-3,3,-12,-11,-9,-10,-14,10,1
26,12,-10,2,27,17,-5,-10,-6,4,-13,-6,-10,-10,-12,11,1
23,16,-8,4,28,21,-3,-10,-9,5,-12,0,-10,-10,-8,12,1
20,19,-5,6,27,25,-1,-11,-11,6,-10,4,-10,-8,-5,12,1
16,24,2,12,25,31,7,-10,-10,10,-4,8,-8,-1,1,11,1
14,26,3,14,24,31,11,-8,-8,11,-2,8,-6,2,4,10,1
13,26,4,18,24,31,13,-7,-6,12,0,8,-5,5,5,9,1
14,25,3,20,24,28,15,-6,-3,12,1,8,-4,7,7,7,1
16,22,1,20,24,26,15,-5,0,10,1,7,-5,9,8,6,1
9,26,8,17,30,22,14,-6,3,7,6,13,-5,16,16,1,1
7,28,9,16,30,23,14,-6,3,8,5,12,-4,16,16,0,1
5,28,9,15,30,21,12,-6,2,8,3,10,-3,16,13,-2,1
2,26,8,14,28,18,9,-5,1,8,0,7,-3,15,10,-5,1
-2,22,7,12,24,14,6,-4,-1,8,-2,4,-3,14,7,-8,1
-5,18,7,11,20,9,3,-3,-3,8,-4,2,-3,12,4,-11,1
-8,12,7,9,16,4,3,-1,-5,7,-5,0,-4,11,3,-13,1
-9,7,7,8,11,-1,3,-1,-7,7,-6,-1,-4,9,3,-14,1
-9,3,7,7,9,-5,4,0,-6,8,-8,-2,-4,8,3,-14,1
-7,-1,7,7,8,-7,5,0,-4,10,-10,-2,-2,8,3,-13,1
-4,-2,6,7,7,-8,7,1,-2,13,-11,-2,0,9,2,-12,1
-1,-2,4,6,6,-9,9,1,-1,16,-13,-1,2,9,1,-11,1
1,-2,3,6,5,-9,11,1,-1,17,-14,0,4,10,-2,-9,1
2,-2,2,5,3,-8,12,0,-3,15,-14,2,4,8,-5,-8,1
2,-2,2,5,2,-6,12,0,-4,12,-15,4,4,6,-7,-6,1
2,-2,4,4,1,-3,10,-1,-3,7,-16,6,5,4,-9,-5,1
2,-1,5,3,1,1,8,-1,-3,3,-16,9,5,2,-11,-3,1
1,0,7,3,1,3,8,-1,-3,-2,-15,11,4,2,-13,-2,1
1,2,8,3,1,5,8,-1,-3,-6,-13,14,3,2,-13,0,1
2,3,8,4,3,5,9,0,-5,-8,-12,17,2,2,-12,1,1
3,3,7,7,4,6,10,1,-6,-9,-10,20,1,1,-11,3,1
-13,2,-17,13,7,-5,-22,4,-17,-3,-15,15,4,-22,-3,1,1
8,15,-1,-17,9,-13,6,4,11,3,-1,-19,3,-15,5,2,1
9,15,2,-20,10,-11,5,3,11,5,5,-23,5,-11,6,-1,1
10,17,6,-25,10,-9,5,2,11,8,12,-29,6,-7,8,-5,1
11,19,10,-31,10,-6,5,0,12,12,21,-37,8,-3,12,-9,1
13,21,14,-37,11,-4,5,-2,12,16,31,-45,10,1,16,-14,1
15,23,19,-42,12,-1,6,-3,12,20,41,-53,11,6,21,-18,1
16,24,23,-47,13,1,8,-4,11,23,50,-59,12,10,25,-22,1
16,26,28,-50,15,1,10,-5,10,27,55,-63,13,13,29,-25,1
15,27,32,-50,15,1,14,-6,10,31,57,-63,14,15,31,-26,1
12,28,36,-48,14,0,19,-6,10,33,55,-60,15,16,33,-25,1
8,28,37,-43,11,-1,25,-5,11,32,50,-53,15,14,33,-23,1
4,26,37,-36,7,-2,30,-4,12,28,41,-44,15,11,33,-20,1
1,24,35,-29,2,-4,35,-3,13,23,31,-33,14,7,31,-17,1
-2,20,31,-21,-2,-5,37,-1,14,16,19,-21,13,3,27,-14,1
-3,16,26,-13,-5,-7,38,1,15,9,7,-9,12,-1,22,-11,1
-2,12,20,-5,-7,-8,36,3,17,4,-4,1,12,-3,18,-9,1
-2,9,13,2,-7,-9,34,5,18,1,-12,11,13,-4,16,-8,1
-2,7,7,7,-7,-10,29,7,18,-1,-18,21,14,-4,17,-8,1
-2,5,1,12,-7,-11,23,10,16,-1,-21,27,15,-3,20,-8,1
-2,3,-5,14,-6,-12,15,13,14,-1,-21,31,15,-3,22,-9,1
-2,-1,-11,15,-7,-13,6,15,13,-1,-19,30,14,-4,22,-9,1
-2,-6,-16,15,-8,-16,-2,17,13,-2,-18,24,12,-6,19,-9,1
-1,-11,-21,15,-9,-18,-8,17,15,-4,-19,16,10,-7,12,-7,1
1,-15,-25,15,-9,-20,-12,16,19,-6,-22,7,9,-9,3,-4,1
3,-19,-28,14,-9,-20,-16,14,23,-9,-27,0,8,-13,-8,-1,1
5,-22,-31,13,-10,-19,-18,12,26,-13,-34,-4,7,-17,-18,3,1
6,-24,-33,12,-9,-19,-20,10,29,-19,-42,-4,7,-22,-27,6,1
9,-25,-34,10,-8,-18,-23,8,30,-24,-50,-3,7,-27,-34,9,1
11,-26,-34,8,-5,-18,-26,7,30,-28,-56,-1,6,-31,-40,11,1
13,-26,-33,6,-3,-17,-27,5,31,-31,-59,1,5,-33,-42,12,1
15,-26,-30,4,0,-14,-27,4,32,-32,-59,2,5,-32,-43,12,1
17,-25,-26,3,2,-12,-25,3,34,-32,-57,2,7,-30,-42,11,1
17,-24,-22,3,3,-12,-21,4,34,-31,-53,2,8,-27,-39,10,1
15,-24,-17,3,4,-13,-17,5,34,-28,-48,2,10,-24,-36,10,1
12,-23,-11,4,4,-14,-13,6,32,-24,-42,2,11,-21,-32,9,1
9,-21,-5,4,4,-16,-9,7,30,-20,-35,2,12,-17,-28,8,1
7,-19,2,3,4,-15,-4,7,27,-16,-27,0,14,-12,-25,8,1
6,-16,8,1,5,-13,1,7,25,-10,-19,-2,17,-9,-21,7,1
7,-12,14,-2,6,-10,6,5,24,-4,-11,-7,19,-6,-16,5,1
8,-7,20,-6,7,-6,12,2,23,4,-3,-13,21,-2,-11,3,1
9,-2,26,-11,8,-1,17,-1,23,10,7,-22,22,3,-6,-1,1
11,4,31,-17,9,3,21,-5,24,17,16,-31,22,8,-1,-4,1
13,9,36,-24,11,7,26,-9,24,22,25,-39,22,13,4,-7,1
16,14,39,-30,13,10,30,-13,24,26,33,-48,21,17,7,-10,1
18,19,42,-36,15,12,33,-17,24,28,39,-54,19,20,10,-12,1
19,23,44,-41,17,14,35,-20,23,30,43,-58,17,22,12,-13,1
20,27,46,-46,18,17,36,-23,22,31,45,-60,14,23,13,-13,1
20,30,48,-49,18,19,35,-24,21,30,47,-62,12,24,13,-13,1
19,33,48,-51,19,20,34,-24,20,28,48,-63,9,23,13,-12,1
19,35,48,-53,18,21,32,-23,20,25,49,-65,7,21,13,-12,1
19,36,46,-54,17,22,30,-21,19,22,49,-66,5,19,13,-12,1
20,37,45,-56,17,20,28,-19,19,20,49,-68,3,16,13,-12,1
22,37,42,-57,17,18,27,-17,18,18,49,-69,1,13,14,-12,1
24,36,40,-58,17,14,26,-15,18,17,49,-70,-2,12,16,-12,1
26,33,38,-59,17,10,26,-14,20,15,50,-71,-4,13,17,-13,1
28,30,36,-59,16,6,25,-13,24,14,50,-72,-5,16,19,-14,1
30,25,33,-58,16,3,24,-12,27,12,51,-72,-6,19,20,-15,1
31,21,31,-56,16,0,23,-11,30,11,51,-69,-6,21,22,-16,1
31,18,29,-53,16,-2,21,-10,30,10,50,-66,-6,23,24,-17,1
30,16,26,-49,16,-2,19,-9,30,11,49,-61,-5,24,26,-17,1
28,14,24,-43,17,-2,16,-8,28,12,48,-54,-3,26,28,-18,1
25,12,21,-35,17,-1,14,-6,25,13,47,-45,-1,28,31,-18,1
21,9,19,-24,16,1,13,-5,20,13,46,-35,-1,31,34,-19,1
16,7,17,-13,14,2,14,-4,15,13,45,-23,-2,34,38,-19,1
10,4,15,-3,12,1,16,-2,8,14,43,-11,-4,35,41,-19,1
4,1,15,6,10,-1,18,-1,1,15,41,-1,-5,36,45,-20,1
1,-2,15,12,9,-4,21,0,-5,16,40,5,-6,37,46,-20,1
-1,-4,16,15,9,-7,23,1,-8,18,38,8,-6,36,46,-20,1
-1,-5,16,16,10,-9,24,1,-11,19,37,9,-4,35,43,-20,1
-2,-5,17,16,11,-10,23,2,-14,20,36,9,-3,33,38,-18,1
-12,-19,-13,2,-10,-17,-22,6,-9,-13,-20,13,-3,-8,-18,0,1
-11,-19,-19,3,-9,-19,-26,7,-11,-13,-22,16,-3,-9,-19,0,1
-11,-19,-26,6,-7,-22,-30,9,-13,-14,-23,17,-2,-11,-21,1,1
-11,-20,-32,10,-5,-25,-33,10,-16,-14,-25,19,-2,-14,-22,2,1
-11,-19,-38,13,-4,-25,-36,11,-18,-14,-28,21,-2,-18,-23,4,1
-10,-16,-41,16,-3,-23,-37,11,-18,-14,-31,23,-2,-20,-23,6,1
-10,-12,-42,19,-1,-18,-37,10,-18,-12,-34,25,-1,-21,-24,8,1
-10,-7,-42,20,1,-12,-36,9,-17,-11,-36,28,0,-20,-25,10,1
-10,-3,-40,22,3,-8,-33,9,-15,-10,-38,30,1,-19,-25,12,1
-9,-1,-38,24,5,-7,-30,8,-13,-9,-39,33,1,-17,-25,13,1
-10,-1,-37,26,6,-8,-27,9,-12,-9,-41,35,1,-17,-24,14,1
-10,-3,-35,29,7,-11,-23,9,-12,-9,-42,38,0,-17,-23,14,1
-10,-6,-33,32,7,-14,-19,10,-12,-9,-43,41,0,-18,-20,15,1
-9,-8,-30,35,7,-15,-14,10,-11,-9,-43,44,0,-18,-17,16,1
-9,-9,-27,36,7,-16,-10,11,-10,-8,-42,47,1,-18,-14,17,1
-8,-9,-25,37,7,-17,-6,11,-10,-8,-41,48,1,-17,-11,17,1
-9,-7,-23,36,7,-18,-4,12,-9,-8,-40,49,1,-17,-9,18,1
-10,-5,-23,35,7,-19,-4,12,-8,-9,-39,49,2,-18,-8,18,1
-12,-3,-24,33,6,-19,-5,13,-6,-11,-38,49,3,-19,-9,19,1
-12,-1,-25,31,5,-19,-7,14,-2,-14,-38,48,5,-20,-10,19,1
-12,-1,-26,28,3,-18,-9,14,2,-16,-39,47,7,-21,-12,20,1
-10,-2,-27,26,2,-18,-11,14,5,-19,-40,45,8,-23,-15,20,1
-8,-3,-28,23,1,-19,-12,14,9,-21,-41,41,10,-25,-17,20,1
-5,-5,-28,19,0,-19,-13,13,13,-23,-42,37,11,-28,-18,20,1
-3,-6,-27,15,0,-20,-13,12,15,-23,-42,31,11,-31,-20,20,1
-2,-7,-26,12,1,-22,-14,12,16,-23,-42,26,10,-33,-21,20,1
0,-8,-24,9,3,-23,-14,11,14,-23,-41,21,9,-35,-22,20,1
2,-9,-22,7,5,-23,-15,10,13,-22,-40,17,7,-35,-24,19,1
3,-10,-20,5,5,-22,-14,10,11,-21,-37,12,5,-34,-25,19,1
3,-10,-18,5,5,-21,-13,10,8,-19,-34,8,2,-32,-25,18,1
2,-9,-16,6,4,-19,-11,9,5,-16,-30,6,0,-30,-23,17,1
4,1,1,4,5,3,-5,7,0,-5,-3,16,-4,-1,5,9,1
5,1,1,2,6,4,-8,7,0,-6,-3,16,-3,-2,4,8,1
6,1,0,1,7,4,-10,7,1,-7,-3,16,-1,-3,2,7,1
5,2,-1,0,8,3,-11,7,0,-7,-3,14,1,-3,0,7,1
4,3,-3,0,8,2,-12,7,-1,-6,-4,13,2,-2,-3,6,1
2,5,-4,1,8,2,-12,6,-2,-4,-5,10,2,-1,-7,6,1
0,6,-5,0,7,2,-13,6,-2,-3,-6,7,3,1,-12,4,1
-2,8,-6,0,6,3,-14,5,0,-2,-8,4,4,3,-16,2,1
-2,8,-7,-1,6,3,-15,5,2,-2,-10,0,6,4,-19,-1,1
-3,8,-7,-1,6,2,-15,4,4,-1,-12,-2,8,4,-19,-4,1
-4,7,-8,-1,6,-1,-15,4,4,1,-12,-4,9,4,-18,-7,1
-5,5,-9,0,6,-3,-14,4,3,2,-12,-5,9,2,-14,-9,1
-6,4,-9,2,5,-4,-14,3,2,2,-11,-4,7,0,-9,-10,1
-8,2,-9,4,4,-5,-12,2,1,1,-10,-2,6,-2,-4,-11,1
-9,1,-8,6,2,-5,-8,1,1,-1,-9,0,4,-4,1,-10,1
-10,-1,-6,9,1,-5,-3,-1,0,-5,-7,3,2,-6,5,-9,1
13,-24,-25,5,-6,-9,-23,5,2,-21,-10,1,2,-11,-16,-3,1
10,-18,-25,4,-6,-6,-21,4,-1,-19,-8,3,0,-10,-14,-2,1
7,-11,-23,4,-6,-3,-18,2,-5,-17,-5,4,-2,-9,-13,-1,1
3,-4,-21,4,-5,1,-14,1,-10,-13,-2,5,-3,-7,-10,0,1
1,3,-18,4,-5,4,-10,-1,-14,-10,1,5,-5,-5,-7,0,1
-18,7,0,13,-10,7,8,-2,2,-13,-7,3,4,-12,-17,9,1
-19,6,-1,6,-11,4,2,-2,4,-13,-10,-4,5,-14,-21,7,1
-19,6,-2,-1,-11,0,-4,-2,6,-13,-12,-10,5,-15,-24,5,1
-20,6,-2,-7,-10,-3,-8,-2,7,-13,-14,-13,6,-16,-25,3,1
-19,6,-3,-12,-9,-6,-11,-2,8,-13,-16,-13,7,-17,-26,2,1
-18,5,-4,-14,-9,-9,-12,-1,10,-14,-17,-12,7,-17,-25,3,1
-17,3,-4,-13,-9,-11,-13,2,11,-17,-17,-9,6,-17,-24,4,1
-15,-1,-4,-11,-10,-12,-12,4,12,-20,-17,-6,4,-16,-23,5,1
-14,-5,-3,-8,-11,-13,-11,6,14,-22,-19,-4,2,-15,-23,6,1
-17,-11,1,-4,-16,-13,-8,7,17,-22,-23,-3,-1,-14,-22,5,1
-18,-14,2,-3,-17,-12,-7,5,19,-20,-25,-3,1,-14,-21,5,1
-18,-17,4,-2,-17,-11,-7,4,19,-17,-26,-3,3,-13,-20,4,1
-16,-19,5,-1,-15,-10,-7,2,18,-13,-26,-2,5,-11,-19,3,1
-12,-22,6,-1,-13,-10,-6,1,16,-9,-24,1,6,-8,-16,2,1
3,-2,11,3,4,5,11,-3,-3,1,-1,6,0,-3,4,2,1
7,-4,4,3,6,2,3,-2,-4,-3,-8,5,-4,-8,-2,4,1
7,-5,1,3,7,-1,0,-1,-7,-5,-12,6,-7,-11,-5,5,1
6,-6,-2,2,8,-5,-3,-1,-9,-7,-15,6,-11,-14,-7,7,1
3,-5,-4,0,9,-8,-5,-1,-10,-7,-16,6,-14,-14,-8,8,1
0,-3,9,10,19,-2,4,-5,-1,2,5,7,-4,3,9,6,1
6,-3,10,11,22,0,9,-6,1,6,9,6,-2,7,12,4,1
12,-2,12,11,24,2,16,-8,2,10,14,4,-1,13,15,2,1
17,-1,13,10,25,3,22,-9,2,15,17,1,-2,19,18,1,1
20,1,14,8,24,4,26,-10,2,20,19,-1,-5,25,20,-1,1
22,3,15,5,22,5,28,-10,2,24,20,-4,-6,28,21,-2,1
22,4,14,3,19,6,27,-9,0,26,19,-5,-7,29,21,-3,1
22,4,11,0,16,6,23,-8,-1,27,17,-7,-7,26,18,-3,1
21,3,9,-3,14,6,16,-6,-3,26,14,-9,-6,23,14,-3,1
20,1,6,-5,13,5,8,-4,-4,25,11,-11,-4,19,9,-3,1
18,-1,4,-7,12,3,1,-1,-4,22,10,-14,-4,16,4,-3,1
17,-3,2,-9,11,0,-5,1,-5,20,9,-17,-4,14,1,-2,1
16,-5,1,-10,10,-4,-9,3,-5,18,9,-19,-4,11,-2,-2,1
15,-7,-1,-12,8,-6,-10,4,-6,17,9,-21,-4,8,-4,-1,1
15,-8,-2,-12,7,-8,-10,5,-7,16,8,-23,-4,5,-5,-1,1
14,-9,-4,-11,4,-9,-10,5,-8,16,6,-23,-4,1,-5,-2,1
12,-11,-4,-10,1,-9,-9,5,-10,16,4,-23,-5,-2,-4,-2,1
9,-12,-5,-8,-3,-9,-9,4,-12,16,2,-22,-6,-3,-4,-3,1
7,-13,-5,-7,-6,-8,-9,4,-13,16,1,-20,-6,-3,-3,-4,1
4,-14,-5,-6,-8,-8,-9,4,-13,15,2,-19,-6,-1,-3,-5,1
1,-12,-4,-6,-9,-8,-9,4,-11,14,2,-19,-6,1,-4,-6,1
-1,-10,-4,-8,-9,-8,-9,3,-9,12,2,-18,-6,3,-5,-6,1
-1,-7,-5,-10,-9,-7,-9,3,-6,10,2,-17,-5,5,-6,-6,1
1,-4,-6,-12,-8,-6,-9,2,-3,7,1,-16,-5,6,-7,-5,1
2,-2,-7,-13,-7,-5,-9,2,-1,5,0,-13,-4,5,-6,-4,1
4,0,-9,-13,-6,-4,-9,2,1,4,-2,-10,-2,5,-4,-4,1
6,2,-11,-12,-4,-4,-9,3,2,4,-2,-7,-1,4,-2,-4,1
7,2,-12,-10,-4,-3,-9,4,2,5,-1,-5,1,3,1,-4,1
7,1,-12,-8,-5,-2,-9,4,1,5,1,-4,2,2,3,-4,1
7,1,-12,-6,-7,1,-10,5,0,5,3,-4,2,2,5,-4,1
5,1,-10,-5,-9,4,-10,5,0,5,6,-6,2,2,6,-5,1
0,6,-3,-3,-8,5,-3,6,9,5,11,-9,8,9,8,-9,1
1,7,-3,-2,-6,4,-1,6,9,5,9,-6,9,11,6,-9,1
1,7,-2,-1,-5,5,0,6,8,5,8,-4,9,13,4,-9,1
1,6,-2,1,-4,6,0,5,6,5,6,-2,8,14,2,-9,1
1,5,0,2,-4,7,0,5,5,5,4,-1,7,15,0,-9,1
0,3,1,3,-5,7,1,5,5,6,2,-1,6,15,-2,-8,1
0,2,2,4,-5,7,2,4,4,5,2,-2,4,14,-2,-7,1
0,1,3,5,-4,6,3,4,2,5,3,-2,1,13,-2,-5,1
-8,14,-4,9,2,11,-10,7,-9,9,7,9,5,3,4,2,1
-9,13,-4,6,2,8,-12,8,-9,7,8,4,4,3,2,0,1
-7,12,-3,3,1,7,-13,9,-8,5,8,-2,2,3,0,-1,1
-6,11,-1,-1,0,5,-12,9,-6,5,7,-6,1,3,-2,-2,1
-4,8,1,-5,0,4,-11,9,-5,4,6,-8,1,3,-5,-2,1
-2,5,2,-7,-1,1,-10,8,-3,3,4,-9,2,1,-8,-2,1
-1,1,3,-9,-1,-1,-10,6,-2,1,2,-9,4,-1,-11,-1,1
3,-3,3,-11,0,-3,-10,5,0,-1,-1,-8,6,-3,-13,0,1
7,-6,2,-11,2,-4,-10,4,3,-3,-3,-8,7,-4,-15,1,1
12,-10,0,-11,3,-5,-10,2,6,-4,-5,-8,7,-4,-17,2,1
15,-12,-2,-10,5,-4,-10,1,8,-5,-7,-9,5,-3,-17,2,1
16,-14,-2,-7,5,-4,-8,-1,9,-6,-8,-9,2,-2,-16,3,1
1,-8,3,-5,-14,1,11,-6,14,-10,-1,-15,-8,3,-5,-1,1
2,-7,2,-8,-15,1,10,-6,15,-9,2,-19,-9,4,-4,-3,1
4,-5,1,-12,-15,0,9,-6,15,-8,4,-22,-9,6,-4,-4,1
6,-4,0,-16,-14,0,6,-5,15,-5,5,-25,-9,8,-3,-5,1
8,-3,0,-20,-11,1,1,-5,14,-3,8,-26,-9,9,-2,-6,1
11,-1,0,-23,-8,4,-4,-4,12,-3,10,-27,-10,10,-1,-6,1
13,1,1,-25,-3,6,-9,-4,11,-3,13,-28,-10,9,-1,-5,1
15,3,1,-28,1,6,-14,-4,10,-5,16,-30,-10,8,-2,-4,1
16,4,0,-31,4,6,-17,-4,9,-7,17,-31,-10,6,-4,-3,1
15,5,-1,-33,5,5,-20,-4,8,-9,18,-33,-11,4,-7,-3,1
13,5,-2,-34,5,4,-21,-5,6,-11,18,-34,-11,2,-9,-2,1
11,6,-2,-34,6,4,-22,-6,3,-12,17,-33,-11,-1,-11,-2,1
8,6,-2,-32,7,3,-23,-6,0,-13,16,-30,-11,-4,-11,-2,1
6,6,-2,-30,7,3,-23,-6,-2,-13,13,-26,-9,-6,-11,-1,1
3,5,-2,-26,6,2,-23,-6,-4,-14,11,-21,-7,-8,-11,-1,1
1,2,-2,-23,4,1,-22,-5,-4,-16,8,-16,-6,-9,-12,0,1
0,-2,-3,-19,2,-1,-21,-4,-6,-17,6,-11,-6,-9,-12,1,1
-1,-6,-5,-15,-1,-3,-20,-4,-7,-18,3,-6,-7,-9,-13,2,1
2,-9,-3,-3,-6,-2,-4,-1,6,2,3,-11,3,11,-5,-9,1
3,-9,-2,-6,-5,1,-7,-2,5,5,3,-14,4,11,-7,-9,1
5,-8,-1,-9,-4,3,-9,-2,3,7,3,-16,5,10,-8,-10,1
8,-7,-1,-11,-1,5,-12,-3,0,9,4,-18,5,8,-9,-10,1
10,-5,0,-14,2,7,-15,-3,-3,11,4,-19,5,7,-10,-10,1
11,-3,1,-16,3,9,-17,-3,-4,12,5,-22,6,7,-11,-11,1
12,-1,1,-18,4,9,-17,-2,-4,14,6,-24,7,7,-11,-11,1
11,2,1,-20,3,7,-16,0,-3,14,7,-26,9,6,-11,-11,1
9,4,0,-21,1,4,-14,1,-1,14,8,-27,11,4,-9,-12,1
6,6,0,-22,-2,2,-11,1,0,13,9,-26,12,2,-6,-13,1
3,8,0,-21,-5,1,-8,1,1,11,10,-25,13,1,-4,-13,1
0,9,1,-19,-7,2,-5,1,3,8,10,-22,13,1,-2,-13,1
-2,10,3,-16,-8,4,-2,0,4,4,10,-18,13,1,-2,-12,1
-2,9,4,-12,-7,5,2,-1,6,1,8,-14,12,1,-2,-10,1
-1,8,4,-7,-6,6,5,-1,7,-1,4,-10,12,0,-4,-8,1
1,6,2,-2,-4,5,6,-1,7,-3,-1,-5,11,-2,-6,-5,1
2,4,0,3,-3,5,7,0,6,-4,-5,-1,10,-3,-7,-4,1
1,3,-3,7,-3,5,5,1,3,-4,-9,4,8,-4,-9,-2,1
-2,3,-5,11,-5,6,4,1,0,-4,-12,7,7,-5,-9,-2,1
-5,2,-6,13,-7,7,3,1,-3,-4,-14,8,6,-6,-10,-2,1
-7,2,-7,13,-9,7,3,0,-4,-3,-14,7,6,-8,-10,-2,1
-8,1,-7,14,-10,6,4,0,-5,-2,-13,5,7,-10,-10,-2,1
-8,1,-8,14,-10,4,5,0,-6,-1,-12,2,8,-12,-10,-2,1
-4,-5,-4,-1,-4,0,-9,0,-4,1,5,-10,-8,5,3,-8,1
-3,-3,-3,-5,-3,2,-11,-1,-3,2,6,-14,-6,6,1,-10,1
-2,-1,-2,-8,-2,2,-12,-2,-2,3,7,-17,-6,8,-1,-10,1
-1,-1,-1,-11,-1,1,-12,-2,-2,4,7,-18,-6,10,-3,-10,1
0,0,-1,-13,0,0,-12,-3,-2,4,6,-17,-6,10,-4,-9,1
2,-1,-2,-15,0,-2,-11,-3,-2,3,3,-15,-6,8,-6,-8,1
3,-2,-4,-15,0,-3,-11,-3,-3,1,0,-11,-6,6,-7,-6,1
4,-3,-6,-13,0,-4,-11,-3,-3,-2,-3,-6,-5,4,-8,-4,1
4,-4,-8,-11,-1,-4,-12,-3,-4,-5,-5,0,-4,1,-10,-2,1
4,-5,-9,-8,-1,-4,-12,-2,-6,-8,-8,6,-3,-3,-10,0,1
3,-6,-9,-5,-1,-3,-12,-1,-7,-11,-9,12,-2,-6,-10,3,1
-1,-5,-3,6,-1,-2,-3,2,-7,-10,-13,22,-5,-5,-7,8,1
-2,-6,-1,7,-2,-1,-1,2,-7,-8,-13,21,-6,-3,-5,7,1
-4,-6,2,7,-2,-2,2,2,-7,-5,-12,19,-7,-1,-3,5,1
1,-9,7,-5,7,-12,-2,-1,-7,0,25,-15,2,8,-5,-2,1
0,-8,6,-7,9,-11,-5,-2,-6,2,24,-16,1,8,-4,-3,1
0,-6,5,-8,10,-11,-7,-2,-6,2,23,-17,-1,8,-1,-4,1
0,-6,4,-9,10,-11,-8,-2,-5,1,23,-16,-3,8,3,-5,1
0,-5,3,-9,9,-11,-7,-2,-5,-1,22,-13,-6,8,7,-6,1
14,-3,11,-9,-10,7,20,-4,18,1,-6,-13,1,9,-8,-2,1
15,-3,11,-12,-10,8,18,-5,15,2,-5,-17,-1,8,-10,-2,1
14,-2,11,-13,-10,8,16,-5,13,2,-4,-20,-2,8,-12,-2,1
13,0,11,-14,-8,10,14,-6,12,3,-3,-22,-2,8,-13,-2,1
12,3,11,-14,-6,10,14,-7,12,4,-2,-23,-1,9,-14,-2,1
12,5,11,-14,-4,10,14,-7,12,4,-1,-22,1,10,-15,-2,1
11,6,10,-11,-2,9,15,-7,11,5,-2,-20,2,10,-16,-2,1
9,6,10,-8,-1,8,15,-6,10,5,-4,-17,3,9,-16,-1,1
7,4,9,-4,-2,8,15,-6,9,5,-5,-13,2,8,-14,0,1
4,2,7,0,-3,7,14,-5,8,3,-6,-9,1,8,-12,0,1
3,-1,5,5,-3,6,14,-4,8,2,-6,-5,0,9,-10,0,1
4,-2,4,8,-2,6,13,-3,7,2,-4,-1,1,11,-7,0,1
5,-3,3,11,0,7,12,-2,8,2,-2,2,2,12,-5,-1,1
3,1,13,9,4,10,9,2,6,13,9,3,11,14,7,-1,1
3,2,13,7,3,9,11,2,4,17,12,0,12,16,9,-4,1
1,4,14,5,1,9,12,1,2,21,15,-4,12,17,11,-7,1
-2,5,16,3,0,8,13,0,-1,23,18,-9,11,17,13,-10,1
-5,7,17,1,-1,8,13,-1,-4,24,21,-13,10,16,15,-13,1
-6,9,17,-1,-1,9,13,-2,-6,25,23,-18,8,15,17,-15,1
-6,11,17,-3,-1,10,12,-3,-7,25,24,-21,6,15,18,-17,1
-6,12,17,-3,1,12,10,-3,-7,26,24,-22,6,15,18,-18,1
-5,13,16,-3,2,13,9,-3,-6,28,22,-22,7,15,18,-19,1
-4,13,14,-2,3,14,7,-3,-5,29,19,-21,9,14,17,-19,1
-5,13,12,-2,3,13,6,-3,-4,28,15,-19,10,13,15,-18,1
-6,11,9,-2,2,10,4,-3,-5,25,11,-16,10,11,11,-17,1
-6,10,6,-3,2,7,1,-3,-7,21,7,-12,9,8,7,-14,1
-6,8,4,-4,2,5,-1,-3,-9,17,2,-8,8,5,2,-12,1
-4,8,1,-5,4,4,-5,-4,-8,10,-8,-1,8,1,-10,-5,1
-2,7,0,-4,6,5,-6,-3,-5,7,-13,2,9,-1,-15,-2,1
0,7,-2,-3,7,6,-7,-4,-3,5,-17,4,9,-2,-18,1,1
2,5,-4,-2,8,5,-9,-4,-1,3,-18,4,9,-3,-20,3,1
3,2,-6,-1,7,5,-10,-4,1,2,-19,2,7,-5,-20,4,1
4,-1,-8,0,6,4,-11,-4,1,2,-20,0,4,-7,-19,5,1
5,-4,-9,2,5,3,-11,-3,1,2,-20,-3,1,-8,-17,5,1
5,-5,-10,3,5,2,-11,-3,1,3,-20,-4,-1,-9,-14,5,1
5,-5,-10,4,5,0,-9,-2,1,4,-19,-5,-3,-9,-11,4,1
5,-4,-9,6,6,-1,-6,-1,0,4,-16,-4,-4,-9,-6,3,1
4,-3,-7,8,6,-3,-1,0,-1,3,-11,-3,-4,-9,-2,2,1
8,7,15,8,15,6,16,1,-6,18,17,-8,5,7,16,-7,1
9,9,15,5,16,6,14,1,-4,20,17,-11,8,9,12,-7,1
9,10,13,3,16,5,12,1,-2,20,17,-13,12,9,8,-7,1
9,10,9,1,16,4,8,1,2,20,15,-15,16,7,5,-6,1
11,9,6,-2,15,4,4,2,4,20,12,-17,19,5,1,-5,1
12,9,2,-4,14,5,-1,1,6,20,8,-18,19,2,-2,-4,1
13,8,-2,-6,13,6,-6,1,6,20,4,-19,18,0,-5,-3,1
13,8,-5,-7,12,6,-9,-1,6,18,-1,-19,15,-2,-8,-1,1
12,7,-7,-8,10,5,-10,-1,5,14,-6,-18,12,-5,-12,0,1
11,6,-9,-9,10,3,-10,-2,5,9,-11,-14,11,-8,-14,1,1
12,5,-10,-8,11,1,-10,-4,7,3,-15,-10,11,-12,-16,2,1
12,5,-11,-7,14,1,-10,-5,9,-2,-18,-5,14,-14,-17,2,1
13,6,-11,-5,16,3,-11,-6,10,-5,-19,1,16,-15,-18,3,1
13,8,-11,-4,18,5,-11,-7,10,-7,-20,5,18,-16,-18,3,1
12,10,-11,-3,20,8,-12,-8,9,-8,-19,9,19,-15,-17,4,1
13,11,-10,-2,21,10,-11,-9,7,-9,-17,12,20,-16,-17,6,1
20,6,-4,6,22,8,4,-7,6,-1,-6,18,13,-5,-1,10,1
17,5,-6,7,19,6,4,-5,7,0,-4,16,12,-1,0,8,1
14,4,-8,8,15,4,3,-3,7,1,-1,12,11,1,1,5,1
12,3,-10,8,12,2,0,-1,7,0,3,9,10,4,2,3,1
11,1,-12,8,11,-1,-4,1,7,-1,6,5,8,6,2,0,1
11,-1,-14,8,11,-4,-8,3,7,-1,8,0,6,9,2,-3,1
11,-4,-16,6,12,-6,-11,4,9,0,9,-4,5,12,2,-6,1
11,-7,-18,5,11,-8,-14,4,9,0,9,-8,4,14,2,-8,1
11,-9,-18,3,9,-9,-17,3,8,1,9,-10,3,13,2,-10,1
9,-11,-17,2,6,-9,-18,3,5,1,8,-10,2,12,3,-11,1
6,-12,-17,2,3,-8,-18,2,2,1,7,-8,1,9,4,-12,1
3,-12,-16,2,-1,-6,-18,1,0,0,4,-4,1,6,5,-11,1
0,-10,-15,3,-3,-4,-17,1,-1,-2,1,1,1,2,6,-10,1
-3,-9,-16,4,-5,-2,-17,0,-3,-4,-2,7,0,-2,7,-8,1
-5,-7,-16,6,-5,0,-16,0,-4,-7,-6,13,0,-6,8,-6,1
-7,-5,-16,7,-4,0,-16,0,-5,-11,-10,20,0,-11,9,-3,1
-8,-3,-16,9,-2,0,-15,0,-6,-16,-13,27,1,-16,8,0,1
-6,-6,-20,14,1,-10,-11,2,-1,-23,-25,35,5,-25,-4,9,1
-6,-8,-22,14,-1,-12,-11,2,0,-24,-27,32,4,-26,-7,11,1
-7,-10,-24,14,-3,-14,-11,3,1,-25,-28,30,1,-26,-9,12,1
-7,-11,-24,14,-5,-14,-11,3,0,-25,-28,27,-3,-26,-11,13,1
-8,-12,-24,14,-7,-14,-12,2,-2,-26,-29,25,-7,-26,-12,14,1
-8,-13,-23,15,-8,-12,-11,2,-4,-26,-28,22,-11,-26,-11,14,1
-8,-14,-22,16,-8,-10,-10,0,-4,-25,-27,19,-14,-25,-10,13,1
-7,-15,-21,17,-8,-8,-7,-3,-4,-24,-25,16,-16,-23,-9,11,1
-10,-15,-19,16,-10,-15,1,-5,2,-19,-13,1,-13,-18,-4,5,1
-12,-15,-20,14,-11,-19,0,-3,2,-18,-11,-3,-12,-17,-4,4,1
-12,-6,-16,-2,-8,-19,-14,6,6,-6,-1,-23,-5,-12,-8,1,1
-10,-2,-14,-4,-4,-18,-12,5,6,-2,4,-26,-2,-9,-7,0,1
-8,1,-11,-6,-3,-17,-9,5,6,1,9,-29,-1,-6,-6,-1,1
-8,4,-8,-8,-3,-14,-6,3,3,3,14,-31,-2,-2,-5,-2,1
-8,7,-4,-10,-4,-11,-2,2,0,3,19,-31,-5,2,-3,-3,1
-9,9,0,-10,-5,-7,2,1,-4,3,22,-28,-9,5,-2,-3,1
-10,10,3,-9,-6,-4,5,-1,-7,2,21,-22,-11,6,1,-2,1
-11,10,6,-5,-5,-2,10,-2,-8,1,18,-13,-12,5,4,1,1
2,7,8,-12,-1,5,11,-10,-1,-4,20,-12,-12,2,16,-3,1
6,7,6,-12,1,5,12,-11,1,-3,20,-14,-11,4,16,-5,1
8,8,5,-13,2,6,13,-12,3,-1,20,-16,-10,6,16,-6,1
8,10,5,-12,2,8,14,-13,5,1,20,-18,-9,9,15,-7,1
6,11,5,-11,1,10,13,-13,7,3,21,-19,-8,12,15,-8,1
3,11,5,-8,-1,12,12,-12,8,4,21,-20,-8,14,16,-9,1
1,10,4,-4,-1,13,10,-11,9,5,20,-19,-8,15,17,-9,1
-1,8,4,0,1,13,7,-9,9,6,18,-17,-9,15,19,-9,1
-2,4,3,5,2,11,3,-7,7,7,16,-13,-10,13,22,-8,1
9,-8,10,6,1,1,6,10,26,5,-4,-16,12,1,-1,-1,1
10,-3,14,3,0,5,11,7,31,6,-1,-21,17,1,0,-2,1
9,2,17,-1,-1,10,14,4,33,6,3,-25,20,0,0,-3,1
8,6,18,-3,-2,13,17,1,34,6,6,-28,21,-1,0,-3,1
8,9,18,-5,-3,16,18,-1,33,6,7,-30,21,-2,0,-3,1
9,10,17,-6,-4,18,17,-3,32,6,7,-30,20,-3,0,-2,1
9,9,14,-6,-3,18,16,-3,29,6,6,-28,19,-5,1,-1,1
10,7,12,-5,-3,16,14,-3,25,6,5,-25,17,-6,0,1,1
11,5,10,-4,-2,14,12,-2,22,7,4,-23,15,-6,0,2,1
12,3,8,-3,-1,12,9,-1,19,9,3,-20,14,-6,-1,3,1
14,1,5,-3,0,10,6,1,17,12,2,-19,14,-6,0,4,1
15,-1,2,-4,1,7,2,3,15,14,1,-18,14,-6,1,4,1
14,-1,-1,-5,1,4,-3,4,13,16,0,-18,14,-7,0,4,1
12,-2,-3,-6,1,2,-7,6,11,18,-1,-19,13,-7,-1,4,1
10,-4,-4,-6,-1,1,-11,7,9,17,-1,-20,12,-7,-2,3,1
7,-5,-5,-6,-1,1,-15,7,8,16,0,-20,12,-6,-4,2,1
6,-7,-5,-5,-1,2,-19,7,7,15,-1,-20,12,-5,-6,1,1
4,-9,-6,-4,-1,3,-22,6,7,13,-2,-18,12,-4,-8,0,1
3,-11,-5,-2,0,4,-24,5,6,11,-3,-15,13,-3,-10,0,1
2,-12,-5,-1,1,4,-25,4,7,8,-4,-11,13,-3,-11,1,1
0,-12,-5,-1,0,3,-23,3,8,3,-4,-7,13,-3,-12,2,1
-3,-11,-4,0,-1,2,-21,2,8,-3,-4,-2,12,-4,-12,4,1
-5,-10,-3,1,-3,1,-17,2,8,-10,-3,4,9,-5,-12,6,1
-2,-16,-5,3,-16,0,-7,2,18,16,-10,-17,2,7,10,-13,1
-1,-14,-2,1,-14,2,-4,1,20,19,-8,-20,2,10,13,-15,1
0,-12,3,0,-12,4,0,-1,21,21,-6,-22,2,12,16,-16,1
-1,-10,9,0,-11,7,5,-3,20,23,-3,-22,2,13,19,-15,1
-4,-8,15,2,-10,10,10,-5,16,25,2,-21,2,12,21,-14,1
-7,-7,20,5,-10,12,15,-6,9,26,6,-18,2,11,22,-12,1
-11,-6,24,8,-10,11,20,-6,1,27,11,-14,2,10,23,-9,1
-13,-6,25,12,-10,9,24,-5,-7,28,16,-11,2,8,23,-7,1
10,-12,4,-11,-4,1,-13,6,2,-9,-5,13,-5,-1,10,-3,1
12,-9,3,-18,-3,3,-17,5,6,-9,-6,8,-3,-1,8,-4,1
13,-6,3,-25,-3,4,-19,3,10,-9,-7,3,-3,-2,6,-4,1
12,-4,3,-31,-4,5,-21,1,11,-11,-7,-3,-4,-3,2,-5,1
12,-3,3,-35,-5,5,-22,-1,11,-13,-8,-8,-8,-4,-2,-4,1
13,-1,3,-38,-4,6,-22,-3,11,-16,-8,-13,-11,-5,-6,-4,1
16,0,3,-39,-1,7,-22,-4,11,-17,-7,-17,-12,-6,-8,-4,1
19,1,4,-39,2,9,-20,-6,11,-17,-6,-19,-11,-5,-9,-4,1
21,1,5,-37,4,10,-17,-7,12,-16,-4,-19,-9,-4,-8,-5,1
21,1,7,-34,5,12,-14,-9,12,-14,-2,-18,-6,-2,-7,-6,1
20,0,8,-31,6,12,-11,-10,11,-12,0,-16,-3,1,-6,-8,1
18,-2,9,-26,6,12,-8,-11,9,-10,2,-14,-2,3,-6,-9,1
16,-3,11,-23,7,12,-5,-12,7,-9,3,-13,-1,4,-7,-9,1
15,-3,12,-19,8,12,-2,-14,5,-8,3,-10,0,5,-7,-9,1
14,-4,14,-16,9,13,1,-15,3,-8,2,-7,1,5,-6,-9,1
13,-5,15,-12,10,14,4,-16,2,-7,1,-2,2,4,-4,-9,1
12,-6,17,-8,11,14,7,-17,1,-7,0,2,4,2,-2,-8,1
13,-8,17,-4,13,15,8,-18,2,-6,-3,4,7,-1,-2,-6,1
17,-9,16,-2,16,17,7,-18,4,-5,-5,6,9,-3,-3,-4,1
20,-11,14,1,19,19,4,-18,7,-5,-9,6,10,-5,-5,-1,1
22,-12,11,3,21,20,0,-17,8,-4,-12,5,11,-7,-9,2,1
22,-12,8,5,22,18,-4,-14,9,-4,-16,5,11,-8,-13,4,1
19,-11,5,6,23,14,-7,-11,7,-3,-19,5,10,-10,-17,6,1
15,-10,3,8,23,9,-8,-9,4,-3,-21,6,10,-10,-20,7,1
11,-8,3,9,23,4,-7,-6,2,-3,-21,8,11,-10,-23,7,1
8,-5,3,8,24,1,-6,-4,-1,-2,-20,10,13,-9,-24,8,1
7,-1,4,8,24,1,-5,-3,-2,-2,-16,13,15,-7,-24,8,1
6,3,6,7,25,2,-4,-1,-3,-3,-12,17,17,-5,-21,8,1
6,6,8,8,27,2,-3,1,-4,-3,-7,20,19,-4,-17,8,1
5,8,10,9,27,2,1,3,-6,-4,-1,23,19,-3,-12,8,1
9,9,16,-1,12,12,20,-11,-6,-11,4,37,-3,-2,20,7,1
10,9,16,-7,10,12,17,-11,-6,-10,2,32,-7,0,17,7,1
10,9,15,-13,7,11,14,-10,-7,-8,1,26,-10,1,13,8,1
9,9,14,-19,3,9,10,-9,-8,-7,-1,21,-12,2,8,7,1
6,9,13,-24,-1,4,8,-7,-9,-5,-3,17,-13,1,4,7,1
2,8,12,-28,-3,-3,5,-4,-9,-4,-5,14,-12,0,1,7,1
-1,8,10,-30,-5,-9,2,-2,-8,-4,-7,12,-10,-3,-1,6,1
-4,7,8,-32,-4,-13,-3,1,-7,-4,-9,11,-9,-5,-2,6,1
-6,7,6,-32,-3,-16,-9,4,-5,-5,-11,10,-8,-7,-2,6,1
-8,6,3,-31,-3,-18,-16,6,-5,-7,-13,10,-10,-9,-2,5,1
-10,6,-1,-30,-2,-19,-22,8,-5,-10,-15,9,-13,-11,-2,5,1
-11,5,-4,-30,-3,-19,-28,10,-7,-12,-15,7,-15,-13,-2,4,1
-10,4,-8,-29,-3,-19,-32,11,-8,-13,-13,4,-16,-14,-2,3,1
-8,4,-10,-28,-2,-19,-34,12,-8,-12,-9,-1,-15,-14,-4,2,1
-4,2,-13,-27,1,-19,-36,12,-8,-9,-6,-6,-11,-12,-6,0,1
0,1,-14,-25,4,-19,-36,12,-7,-4,-3,-13,-7,-9,-9,-2,1
4,0,-16,-25,6,-18,-36,11,-5,3,-4,-20,-3,-7,-12,-4,1
7,1,-16,-25,8,-16,-34,8,-4,8,-6,-25,0,-5,-15,-5,1
9,2,-16,-26,8,-12,-32,5,-2,13,-9,-29,1,-4,-16,-6,1
10,3,-13,-28,7,-6,-30,1,-1,18,-11,-31,1,-4,-15,-7,1
9,5,-9,-28,5,1,-26,-3,-1,22,-12,-33,0,-4,-13,-8,1
8,5,-3,-28,2,6,-20,-6,-2,24,-11,-34,-1,-3,-10,-9,1
5,5,3,-26,-2,11,-14,-9,-5,25,-7,-34,-1,-2,-7,-10,1
2,4,7,-22,-5,13,-9,-9,-8,24,-2,-33,-2,-1,-5,-11,1
-1,3,9,-17,-6,14,-5,-9,-11,21,3,-28,-3,0,-3,-10,1
-3,2,9,-12,-7,13,-2,-7,-12,15,7,-23,-3,0,-1,-9,1
-4,1,8,-6,-6,11,-2,-5,-12,7,11,-16,-3,0,0,-7,1
5,17,-3,-7,8,9,0,-5,-2,-5,9,-2,3,0,-3,0,1
8,17,-4,-6,8,11,4,-8,4,-3,7,-7,5,1,-4,-2,1
9,16,-4,-4,8,11,8,-10,8,1,3,-9,7,2,-4,-3,1
9,13,-5,0,6,12,12,-12,10,4,0,-9,8,4,-4,-3,1
9,11,-4,3,4,13,17,-14,10,7,-4,-5,7,6,-3,-3,1
8,10,-4,7,2,15,20,-16,7,9,-6,0,6,8,-3,-2,1
7,9,-2,11,2,18,22,-16,4,11,-8,5,5,10,-3,-2,1
5,10,-1,14,2,19,23,-17,0,12,-8,9,5,11,-2,-1,1
3,11,0,17,3,21,23,-16,-3,15,-8,10,6,11,-2,-1,1
2,12,0,19,5,22,21,-15,-3,18,-7,9,7,12,-1,-2,1
3,14,-1,19,7,24,19,-14,-1,21,-6,6,10,13,0,-3,1
5,15,-3,18,8,25,14,-12,2,24,-5,2,12,14,1,-4,1
8,15,-5,14,9,25,9,-10,5,26,-4,-2,13,16,2,-5,1
11,15,-6,11,10,25,4,-9,7,28,-3,-5,12,18,4,-7,1
13,16,-7,7,11,24,0,-7,8,28,-2,-8,11,19,5,-8,1
14,17,-6,3,12,24,-3,-5,10,28,-1,-9,10,20,8,-10,1
14,18,-5,0,13,22,-5,-3,12,27,2,-11,9,21,11,-12,1
13,19,-3,-1,13,21,-5,-1,15,27,6,-14,10,24,14,-14,1
12,19,-1,-2,12,19,-5,1,19,28,11,-18,12,28,18,-18,1
10,19,0,-1,11,18,-4,4,23,30,17,-21,14,33,21,-21,1
7,18,1,1,8,16,-2,6,24,31,22,-23,16,38,24,-24,1
4,18,2,3,6,13,0,8,24,32,26,-22,17,41,26,-25,1
2,17,3,4,5,12,1,8,22,30,29,-20,17,42,27,-25,1
1,17,2,5,4,11,1,8,19,27,30,-17,16,41,25,-24,1
1,16,1,4,4,9,2,7,15,23,29,-13,13,38,22,-21,1
2,16,-1,3,4,7,3,6,12,18,27,-11,11,34,18,-17,1
5,16,-2,1,5,6,5,4,12,13,23,-10,11,29,12,-14,1
8,16,-3,-3,6,4,6,2,14,9,19,-10,11,24,7,-10,1
10,16,-3,-7,6,3,7,0,16,5,14,-10,12,19,1,-7,1
11,15,-2,-12,5,2,7,-2,18,1,9,-11,12,14,-4,-4,1
10,14,0,-16,3,2,6,-3,18,-2,5,-12,10,10,-10,-2,1
8,12,1,-20,-1,3,4,-5,18,-5,1,-12,9,8,-14,-1,1
6,10,3,-21,-5,5,3,-6,19,-5,-3,-14,10,6,-19,0,1
5,8,4,-21,-8,7,2,-6,19,-4,-5,-15,11,6,-23,1,1
6,6,4,-19,-9,9,3,-6,18,-1,-6,-17,13,6,-26,1,1
7,4,5,-17,-10,10,6,-6,18,2,-5,-19,14,8,-28,1,1
9,3,5,-14,-10,9,9,-6,17,5,-2,-21,16,10,-28,1,1
10,2,7,-12,-9,8,14,-5,17,8,3,-23,18,12,-26,1,1
11,1,10,-10,-9,6,19,-5,18,10,8,-24,19,15,-23,1,1
12,-1,13,-8,-8,5,24,-4,19,11,14,-25,21,16,-18,0,1
12,-1,16,-5,-6,5,28,-4,20,11,18,-23,23,16,-13,0,1
13,-1,18,-3,-4,6,30,-4,19,10,22,-21,24,15,-8,0,1
13,0,17,1,-1,7,30,-5,17,9,23,-18,23,13,-5,0,1
13,1,14,3,3,8,27,-6,14,8,24,-17,21,11,-3,0,1
11,3,11,5,5,9,23,-7,12,7,25,-17,19,10,-2,-2,1
9,3,7,5,5,10,18,-7,10,7,25,-20,17,11,-2,-4,1
6,4,5,4,2,10,14,-7,8,8,26,-24,15,12,-3,-7,1
2,4,4,1,-2,7,11,-7,6,10,26,-29,14,14,-3,-11,1
-3,4,3,-3,-5,4,9,-5,4,14,26,-33,13,16,-3,-14,1
-5,5,3,-5,-7,-1,8,-2,3,18,27,-36,13,18,-2,-17,1
-6,5,3,-4,-8,-6,8,3,3,22,27,-36,13,21,0,-18,1
-6,5,3,-2,-7,-9,7,7,4,24,27,-35,13,23,3,-20,1
-6,4,2,1,-6,-11,6,12,5,24,27,-33,13,25,6,-21,1
-6,2,0,4,-5,-13,4,15,7,23,26,-31,13,27,9,-23,1
-6,1,-2,6,-4,-16,1,17,10,21,25,-28,13,30,12,-27,1
-7,-1,-4,6,-4,-18,-2,18,12,19,23,-26,15,32,14,-32,1
-8,-2,-7,6,-4,-20,-4,17,14,17,21,-22,17,33,16,-37,1
-10,-2,-8,5,-4,-22,-6,16,14,14,19,-18,18,32,18,-40,1
-11,-3,-9,6,-2,-23,-7,15,12,12,15,-12,19,29,20,-40,1
-13,-3,-9,7,0,-22,-7,13,10,9,11,-6,18,23,18,-36,1
-14,-3,-8,9,1,-21,-6,11,9,4,6,-1,16,17,14,-30,1
-15,-2,-8,11,1,-19,-4,9,7,0,-1,3,14,9,8,-22,1
-19,-3,-11,17,-5,-15,2,3,1,-11,-20,10,5,-15,-12,2,1
-19,-5,-12,18,-8,-14,3,1,-1,-13,-26,11,4,-21,-18,7,1
-18,-6,-12,18,-10,-13,5,-1,-1,-14,-30,12,3,-24,-22,12,1
-18,-7,-12,17,-11,-12,6,-3,-1,-14,-32,12,3,-25,-27,15,1
-17,-7,-11,14,-11,-12,7,-4,-1,-13,-32,11,3,-24,-31,17,1
-15,-5,-9,12,-9,-12,8,-4,0,-12,-30,10,4,-22,-33,18,1
-13,-4,-7,9,-8,-12,10,-4,0,-11,-26,8,5,-20,-33,18,1
-10,-2,-6,6,-8,-11,11,-4,1,-9,-22,4,6,-18,-32,17,1
-7,0,-4,2,-8,-9,11,-3,3,-7,-17,-1,8,-15,-31,16,1
-6,2,-3,-1,-9,-6,9,-2,4,-4,-12,-6,10,-13,-29,14,1
-7,4,-2,-4,-11,-3,6,-1,5,0,-8,-10,13,-12,-26,12,1
-9,6,-1,-5,-11,-1,2,1,5,3,-5,-14,14,-12,-22,8,1
-10,7,0,-6,-11,1,-1,2,4,5,-2,-16,15,-12,-17,5,1
-10,8,1,-6,-9,1,-3,3,4,5,0,-16,14,-12,-12,3,1
-8,9,1,-8,-6,0,-4,4,4,5,1,-15,12,-12,-7,1,1
-6,9,1,-10,-4,-2,-5,4,4,5,1,-14,9,-12,-2,-1,1
-4,10,1,-14,-3,-4,-6,5,4,4,0,-13,6,-10,2,-2,1
-5,11,2,-19,-3,-5,-7,5,3,4,0,-12,1,-7,5,-4,1
-6,11,4,-23,-5,-6,-8,4,3,4,1,-11,-3,-2,8,-6,1
-8,12,5,-26,-6,-6,-9,4,2,4,4,-9,-7,5,11,-8,1
-8,14,7,-27,-5,-6,-8,4,0,5,7,-6,-9,12,13,-10,1
-7,15,9,-27,-2,-6,-5,4,-2,6,10,-3,-10,18,16,-12,1
-5,17,12,-26,2,-5,-2,3,-5,8,12,2,-10,22,18,-12,1
-1,18,13,-23,5,-3,2,2,-8,11,14,6,-8,23,20,-12,1
2,18,14,-21,8,-1,6,1,-10,13,14,9,-5,21,21,-11,1
3,18,14,-18,8,2,8,-1,-11,14,13,12,-1,17,22,-9,1
3,17,13,-14,7,4,10,-3,-11,13,12,13,2,11,21,-6,1
2,15,11,-11,4,6,12,-5,-11,11,11,14,4,5,19,-3,1
2,8,9,-3,0,6,21,-11,-10,-5,6,18,0,-11,15,6,1
4,5,8,3,5,2,27,-14,-7,-9,-5,19,-4,-13,4,11,1
3,5,7,3,4,2,26,-13,-6,-8,-8,17,-4,-10,-1,9,1
1,5,6,2,2,0,23,-11,-5,-6,-10,15,-3,-5,-5,7,1
1,5,6,-1,-1,-1,21,-8,-4,-6,-10,14,-1,1,-7,3,1
0,5,5,-3,-3,-3,17,-4,-3,-6,-10,15,1,7,-8,-2,1
0,5,4,-5,-4,-6,13,1,-2,-6,-9,17,3,12,-7,-7,1
0,4,3,-6,-5,-8,8,6,-1,-5,-8,20,5,16,-4,-12,1
0,3,1,-5,-4,-8,2,10,0,-3,-6,21,9,19,1,-16,1
1,2,-2,-2,-3,-8,-4,15,2,0,-4,22,14,20,5,-19,1
2,-1,-5,3,-2,-7,-10,19,5,2,-2,21,20,20,6,-20,1
3,-5,-10,8,-1,-6,-17,21,7,3,-2,18,25,18,3,-20,1
3,-9,-15,12,-2,-6,-23,22,9,3,-5,15,27,13,-3,-17,1
2,-13,-21,16,-2,-7,-29,22,9,1,-11,11,27,6,-11,-12,1
2,-17,-25,17,-2,-8,-34,20,7,-2,-20,9,24,-4,-20,-7,1
2,-19,-29,18,-1,-8,-38,18,5,-5,-30,9,20,-12,-28,-1,1
4,-21,-32,19,2,-8,-40,16,4,-7,-40,11,17,-19,-35,5,1
7,-23,-34,21,5,-9,-40,14,4,-9,-49,16,15,-23,-40,10,1
8,-25,-36,23,6,-10,-39,13,5,-9,-56,21,14,-24,-43,14,1
8,-27,-38,24,6,-13,-38,11,5,-9,-63,27,12,-24,-44,16,1
7,-29,-39,25,6,-15,-36,10,6,-9,-67,33,10,-22,-42,17,1
7,-28,-38,26,6,-14,-33,9,6,-8,-68,37,8,-20,-38,17,1
9,-25,-35,26,7,-12,-29,8,6,-8,-65,40,7,-16,-34,16,1
11,-22,-29,25,10,-9,-23,8,6,-9,-59,42,7,-13,-29,15,1
12,-18,-23,23,14,-7,-18,7,5,-9,-51,43,9,-10,-24,13,1
13,-14,-15,22,17,-5,-11,5,5,-8,-42,42,12,-8,-18,12,1
14,-11,-7,19,19,-3,-5,4,7,-7,-33,40,17,-7,-13,10,1
15,-7,1,16,21,2,1,2,10,-4,-24,36,22,-4,-8,8,1
17,-3,9,11,22,6,7,-1,14,-1,-15,30,27,-1,-3,6,1
19,1,16,6,23,10,13,-3,19,2,-6,22,30,2,2,4,1
20,5,22,1,22,13,17,-5,21,4,3,13,29,6,5,1,1
20,9,27,-6,21,17,21,-7,22,6,12,3,27,10,8,-2,1
20,14,32,-12,20,20,23,-10,22,9,20,-6,23,14,11,-4,1
20,19,35,-18,19,24,25,-12,21,13,27,-15,19,20,13,-6,1
22,24,38,-24,20,28,26,-15,22,17,34,-23,17,25,16,-7,1
23,29,41,-29,20,33,28,-18,24,23,40,-30,17,29,19,-8,1
24,33,44,-33,21,36,32,-21,25,27,45,-36,17,32,23,-9,1
25,36,46,-36,21,36,37,-23,24,31,49,-39,16,33,26,-10,1
24,38,47,-37,20,34,42,-24,21,32,51,-40,13,34,28,-11,1
25,40,46,-38,20,32,46,-25,18,32,53,-39,11,35,29,-11,1
26,41,45,-39,21,30,48,-25,16,32,54,-37,11,37,28,-11,1
29,42,43,-39,22,30,48,-25,14,32,54,-35,12,39,26,-11,1
31,41,40,-39,22,30,46,-24,13,33,54,-33,15,40,23,-11,1
32,39,38,-39,21,28,43,-24,12,33,55,-33,18,40,20,-11,1
31,36,36,-41,19,26,40,-23,10,33,55,-34,20,39,17,-11,1
28,33,35,-42,16,23,36,-22,6,33,56,-35,21,38,13,-12,1
25,31,34,-45,13,21,32,-21,3,32,56,-38,20,36,9,-12,1
21,30,34,-47,11,20,27,-20,0,30,56,-42,18,34,5,-13,1
16,29,34,-49,9,18,22,-18,-2,28,56,-45,16,33,3,-14,1
12,28,33,-50,7,16,17,-16,-5,27,55,-47,11,31,2,-15,1
8,26,32,-50,5,13,12,-14,-9,25,54,-47,6,29,3,-16,1
3,23,30,-48,4,9,7,-11,-13,22,54,-45,1,28,5,-16,1
0,20,28,-45,3,6,3,-9,-16,19,54,-40,-3,27,8,-16,1
-4,18,27,-40,3,5,1,-6,-17,16,55,-36,-4,27,12,-15,1
-6,16,28,-35,3,4,-1,-4,-16,14,55,-30,-4,27,15,-15,1
-7,14,28,-31,4,4,-1,-2,-16,12,54,-25,-4,26,18,-14,1
-7,12,29,-26,5,3,0,-1,-16,11,51,-20,-5,25,20,-13,1
-7,10,29,-21,6,3,2,0,-16,9,49,-14,-7,24,22,-12,1
-12,-9,-19,14,-22,-11,-4,11,-12,-14,-26,20,-22,-26,-3,18,1
-10,-9,-21,12,-23,-9,-6,11,-11,-14,-27,19,-21,-25,-3,16,1
-8,-9,-23,10,-24,-9,-9,11,-9,-14,-29,16,-21,-24,-5,13,1
-7,-10,-25,8,-24,-9,-11,11,-7,-15,-31,14,-20,-22,-8,11,1
-6,-10,-26,6,-25,-9,-12,10,-6,-17,-33,13,-21,-21,-10,10,1
-6,-10,-27,4,-27,-11,-12,11,-7,-19,-35,13,-23,-22,-11,9,1
-8,-10,-27,4,-29,-13,-11,11,-9,-21,-36,15,-25,-23,-12,9,1
-11,-10,-26,5,-30,-14,-10,12,-12,-23,-37,18,-28,-24,-11,10,1
-13,-10,-25,7,-31,-15,-9,13,-15,-25,-36,22,-30,-25,-10,11,1
-16,-10,-24,9,-31,-14,-9,13,-17,-26,-36,26,-31,-25,-10,12,1
-17,-11,-24,13,-30,-13,-10,14,-18,-27,-35,30,-30,-24,-9,14,1
-17,-12,-24,17,-28,-11,-11,15,-19,-27,-34,35,-28,-23,-9,15,1
-17,-12,-25,20,-26,-10,-13,15,-19,-25,-34,38,-25,-23,-9,17,1
-15,-13,-26,23,-23,-9,-15,16,-20,-21,-35,40,-21,-23,-9,17,1
-13,-13,-28,25,-19,-9,-17,16,-21,-17,-36,40,-18,-24,-9,18,1
-10,-13,-30,26,-15,-10,-19,17,-22,-13,-36,39,-15,-24,-10,17,1
-8,-12,-32,26,-11,-11,-20,16,-22,-10,-35,36,-13,-24,-11,17,1
-6,-11,-34,25,-9,-13,-20,15,-22,-9,-34,32,-13,-24,-12,16,1
-5,-10,-36,23,-8,-14,-19,14,-20,-8,-32,28,-12,-23,-12,14,1
-5,-9,-36,22,-9,-16,-16,12,-16,-8,-31,23,-11,-21,-12,13,1
-5,-8,-35,20,-10,-16,-14,11,-11,-8,-30,19,-9,-19,-12,11,1
-5,-7,-33,18,-11,-14,-11,9,-5,-8,-28,16,-6,-16,-12,9,1
-4,-6,-31,15,-11,-13,-10,8,1,-8,-27,14,-4,-12,-12,7,1
-3,-5,-28,13,-10,-11,-8,6,6,-8,-26,13,-2,-8,-11,5,1
-3,-4,-26,11,-9,-10,-7,5,10,-8,-26,12,-2,-5,-10,4,1
-3,-3,-23,8,-9,-8,-8,4,12,-8,-26,12,-3,-4,-7,3,1
-3,-3,-20,6,-8,-5,-11,4,11,-8,-24,13,-5,-4,-3,4,1
-4,-4,-17,4,-8,-3,-13,4,7,-7,-21,13,-9,-5,1,5,1
-5,-4,-14,2,-7,-3,-16,5,3,-8,-16,13,-13,-5,4,6,1
-5,-5,-12,1,-7,-4,-17,6,-1,-8,-11,12,-17,-6,7,7,1
-8,-17,-14,4,-15,-8,-19,7,-2,-19,-5,13,-19,-12,7,10,1
3,-7,-3,-12,-7,-1,-10,-1,7,-9,2,-10,-7,-12,2,7,1
3,-8,-1,-15,-7,-2,-11,-1,7,-7,3,-13,-6,-11,3,5,1
3,-8,1,-17,-6,-2,-13,-1,8,-5,3,-13,-5,-9,3,3,1
3,-9,3,-19,-5,-2,-15,0,8,-4,3,-13,-4,-8,3,1,1
0,-8,4,-18,-4,-2,-17,1,7,-5,4,-13,-3,-7,3,0,1
-3,-8,5,-17,-4,-1,-19,1,6,-6,6,-13,-2,-7,2,-1,1
-6,-8,4,-14,-5,0,-21,2,4,-8,8,-13,-3,-7,2,-1,1
-9,-9,3,-11,-7,0,-21,3,4,-9,9,-14,-4,-6,2,-1,1
-11,-9,2,-8,-9,-1,-20,3,5,-8,10,-14,-5,-4,3,-1,1
-11,-11,0,-5,-10,-2,-17,3,7,-8,10,-13,-6,-1,3,0,1
-11,-12,-1,-3,-10,-3,-15,2,10,-6,10,-13,-6,3,4,1,1
3,-5,-9,-4,-9,1,-4,-4,10,-4,-2,-5,1,16,-8,-9,1
2,-5,-9,-1,-7,2,-3,-4,10,-4,-2,-1,3,14,-6,-7,1
1,-5,-8,3,-5,2,-2,-4,8,-5,-2,2,4,11,-5,-5,1
-1,-5,-7,7,-5,2,0,-4,6,-6,-2,4,2,8,-5,-4,1
-8,-9,-8,-1,-9,-6,-8,-3,-3,-13,-4,-7,-10,3,-15,-6,1
-7,-9,-10,-4,-9,-7,-12,-2,-3,-11,-5,-9,-10,5,-14,-8,1
-6,-10,-12,-5,-8,-7,-15,-2,-3,-8,-5,-10,-10,7,-14,-9,1
-4,-10,-13,-6,-7,-7,-17,-2,-3,-6,-5,-10,-10,9,-12,-10,1
-3,-10,-14,-4,-5,-6,-18,-2,-2,-6,-5,-9,-9,10,-11,-11,1
-2,-11,-15,-3,-4,-6,-19,-2,-1,-7,-3,-7,-9,10,-8,-12,1
-2,-13,-14,0,-3,-6,-19,-2,-1,-9,-2,-6,-7,9,-6,-13,1
-2,-14,-12,2,-1,-6,-18,-2,1,-11,-1,-4,-5,7,-5,-13,1
-1,-15,-11,4,0,-5,-17,-2,2,-12,0,-4,-1,5,-5,-13,1
-12,11,10,15,11,3,13,-2,-2,5,6,9,0,13,4,0,1
-10,11,9,16,11,4,14,-3,-2,3,4,12,0,11,6,1,1
-7,9,7,18,10,4,16,-3,-2,1,3,15,-1,8,7,3,1
-1,-4,-4,27,9,1,6,2,-6,-3,-7,25,2,-3,3,7,1
-2,-5,-6,26,8,1,1,3,-5,-1,-7,23,3,-1,2,6,1
-3,-5,-7,24,8,1,-4,4,-4,3,-7,18,4,2,0,3,1
-4,-5,-7,21,9,-1,-8,5,-2,7,-8,13,5,6,-2,1,1
-4,-5,-7,17,9,-2,-11,6,-1,11,-8,8,5,9,-3,-1,1
-4,-4,-5,14,9,-4,-11,6,0,15,-10,4,5,10,-4,-2,1
-3,-3,-3,10,9,-6,-9,6,1,17,-11,1,4,9,-3,-2,1
0,-1,-1,6,10,-6,-5,5,2,18,-10,-2,4,7,-2,-2,1
3,2,2,3,11,-5,-2,5,3,16,-7,-5,4,5,1,-2,1
6,4,4,0,11,-4,2,5,6,14,-2,-8,4,3,3,-1,1
8,6,7,-1,12,-2,5,5,8,11,4,-11,4,3,5,0,1
8,8,10,-2,14,-1,7,5,10,9,10,-14,5,4,6,1,1
9,10,11,-1,16,1,8,4,11,8,16,-17,5,5,6,1,1
10,11,11,1,18,2,8,3,11,8,20,-20,6,6,6,1,1
11,11,9,3,20,4,7,3,12,9,22,-23,7,7,5,0,1
12,10,7,5,22,4,7,2,13,10,23,-27,9,8,3,-2,1
11,10,6,6,22,2,7,1,14,10,23,-31,10,9,1,-3,1
10,8,5,5,20,1,8,1,15,11,21,-35,10,8,-1,-5,1
9,7,6,2,17,-1,8,0,16,10,19,-39,10,6,-3,-7,1
9,7,8,-3,14,0,9,-1,17,10,15,-42,9,4,-4,-9,1
10,8,11,-7,13,2,9,-3,19,10,11,-44,9,3,-5,-10,1
11,9,14,-11,13,5,11,-5,22,11,7,-44,11,3,-6,-12,1
13,11,18,-14,14,7,13,-7,23,13,4,-43,12,5,-7,-13,1
14,11,20,-14,15,9,14,-8,24,14,4,-40,13,7,-6,-13,1
15,10,20,-13,15,10,14,-8,22,13,4,-35,13,9,-5,-12,1
14,8,18,-11,14,11,11,-7,21,11,6,-30,12,10,-4,-11,1
13,6,14,-9,12,12,5,-6,19,7,7,-25,11,9,-3,-9,1
12,4,10,-8,12,12,-2,-5,18,4,7,-20,11,7,-4,-7,1
12,2,5,-7,12,12,-8,-3,17,2,5,-17,12,5,-5,-6,1
13,1,2,-7,12,11,-13,-2,16,2,2,-15,13,2,-7,-5,1
14,1,-1,-7,12,10,-15,-1,14,4,-2,-14,14,-1,-8,-4,1
14,0,-4,-6,12,8,-16,0,12,6,-6,-13,16,-3,-10,-3,1
13,-1,-6,-3,11,5,-15,1,9,8,-9,-12,16,-4,-12,-3,1
11,-3,-7,0,10,2,-14,2,7,9,-12,-10,15,-4,-14,-2,1
8,-4,-7,3,9,2,-14,2,5,9,-13,-7,13,-3,-15,-1,1
6,-5,-5,6,9,5,-15,2,5,8,-12,-5,12,-2,-14,0,1
4,-6,-3,8,8,8,-16,2,5,7,-11,-2,10,0,-12,1,1
1,-6,0,9,7,10,-15,2,3,6,-9,1,9,1,-10,1,1
-3,-6,3,10,5,10,-13,2,2,6,-8,3,8,1,-7,2,1
-7,-5,5,11,4,7,-9,3,2,6,-6,6,8,0,-4,2,1
-10,-4,7,10,1,4,-5,3,2,5,-4,7,9,-1,-2,3,1
-18,7,4,-2,-11,12,-3,-6,18,3,-12,-10,11,4,-10,-7,1
